date,year,month_num,month_name,quarter,quarter_year,year_quarter,week_num,day_of_month,weekday_name,is_weekend,is_holiday_season
2020-01-01,2020,1,January,1,2020-Q1,Q1 2020,1,1,Wednesday,0,0
2020-01-02,2020,1,January,1,2020-Q1,Q1 2020,1,2,Thursday,0,0
2020-01-03,2020,1,January,1,2020-Q1,Q1 2020,1,3,Friday,0,0
2020-01-04,2020,1,January,1,2020-Q1,Q1 2020,1,4,Saturday,1,0
2020-01-05,2020,1,January,1,2020-Q1,Q1 2020,1,5,Sunday,1,0
2020-01-06,2020,1,January,1,2020-Q1,Q1 2020,2,6,Monday,0,0
2020-01-07,2020,1,January,1,2020-Q1,Q1 2020,2,7,Tuesday,0,0
2020-01-08,2020,1,January,1,2020-Q1,Q1 2020,2,8,Wednesday,0,0
2020-01-09,2020,1,January,1,2020-Q1,Q1 2020,2,9,Thursday,0,0
2020-01-10,2020,1,January,1,2020-Q1,Q1 2020,2,10,Friday,0,0
2020-01-11,2020,1,January,1,2020-Q1,Q1 2020,2,11,Saturday,1,0
2020-01-12,2020,1,January,1,2020-Q1,Q1 2020,2,12,Sunday,1,0
2020-01-13,2020,1,January,1,2020-Q1,Q1 2020,3,13,Monday,0,0
2020-01-14,2020,1,January,1,2020-Q1,Q1 2020,3,14,Tuesday,0,0
2020-01-15,2020,1,January,1,2020-Q1,Q1 2020,3,15,Wednesday,0,0
2020-01-16,2020,1,January,1,2020-Q1,Q1 2020,3,16,Thursday,0,0
2020-01-17,2020,1,January,1,2020-Q1,Q1 2020,3,17,Friday,0,0
2020-01-18,2020,1,January,1,2020-Q1,Q1 2020,3,18,Saturday,1,0
2020-01-19,2020,1,January,1,2020-Q1,Q1 2020,3,19,Sunday,1,0
2020-01-20,2020,1,January,1,2020-Q1,Q1 2020,4,20,Monday,0,0
2020-01-21,2020,1,January,1,2020-Q1,Q1 2020,4,21,Tuesday,0,0
2020-01-22,2020,1,January,1,2020-Q1,Q1 2020,4,22,Wednesday,0,0
2020-01-23,2020,1,January,1,2020-Q1,Q1 2020,4,23,Thursday,0,0
2020-01-24,2020,1,January,1,2020-Q1,Q1 2020,4,24,Friday,0,0
2020-01-25,2020,1,January,1,2020-Q1,Q1 2020,4,25,Saturday,1,0
2020-01-26,2020,1,January,1,2020-Q1,Q1 2020,4,26,Sunday,1,0
2020-01-27,2020,1,January,1,2020-Q1,Q1 2020,5,27,Monday,0,0
2020-01-28,2020,1,January,1,2020-Q1,Q1 2020,5,28,Tuesday,0,0
2020-01-29,2020,1,January,1,2020-Q1,Q1 2020,5,29,Wednesday,0,0
2020-01-30,2020,1,January,1,2020-Q1,Q1 2020,5,30,Thursday,0,0
2020-01-31,2020,1,January,1,2020-Q1,Q1 2020,5,31,Friday,0,0
2020-02-01,2020,2,February,1,2020-Q1,Q1 2020,5,1,Saturday,1,0
2020-02-02,2020,2,February,1,2020-Q1,Q1 2020,5,2,Sunday,1,0
2020-02-03,2020,2,February,1,2020-Q1,Q1 2020,6,3,Monday,0,0
2020-02-04,2020,2,February,1,2020-Q1,Q1 2020,6,4,Tuesday,0,0
2020-02-05,2020,2,February,1,2020-Q1,Q1 2020,6,5,Wednesday,0,0
2020-02-06,2020,2,February,1,2020-Q1,Q1 2020,6,6,Thursday,0,0
2020-02-07,2020,2,February,1,2020-Q1,Q1 2020,6,7,Friday,0,0
2020-02-08,2020,2,February,1,2020-Q1,Q1 2020,6,8,Saturday,1,0
2020-02-09,2020,2,February,1,2020-Q1,Q1 2020,6,9,Sunday,1,0
2020-02-10,2020,2,February,1,2020-Q1,Q1 2020,7,10,Monday,0,0
2020-02-11,2020,2,February,1,2020-Q1,Q1 2020,7,11,Tuesday,0,0
2020-02-12,2020,2,February,1,2020-Q1,Q1 2020,7,12,Wednesday,0,0
2020-02-13,2020,2,February,1,2020-Q1,Q1 2020,7,13,Thursday,0,0
2020-02-14,2020,2,February,1,2020-Q1,Q1 2020,7,14,Friday,0,0
2020-02-15,2020,2,February,1,2020-Q1,Q1 2020,7,15,Saturday,1,0
2020-02-16,2020,2,February,1,2020-Q1,Q1 2020,7,16,Sunday,1,0
2020-02-17,2020,2,February,1,2020-Q1,Q1 2020,8,17,Monday,0,0
2020-02-18,2020,2,February,1,2020-Q1,Q1 2020,8,18,Tuesday,0,0
2020-02-19,2020,2,February,1,2020-Q1,Q1 2020,8,19,Wednesday,0,0
2020-02-20,2020,2,February,1,2020-Q1,Q1 2020,8,20,Thursday,0,0
2020-02-21,2020,2,February,1,2020-Q1,Q1 2020,8,21,Friday,0,0
2020-02-22,2020,2,February,1,2020-Q1,Q1 2020,8,22,Saturday,1,0
2020-02-23,2020,2,February,1,2020-Q1,Q1 2020,8,23,Sunday,1,0
2020-02-24,2020,2,February,1,2020-Q1,Q1 2020,9,24,Monday,0,0
2020-02-25,2020,2,February,1,2020-Q1,Q1 2020,9,25,Tuesday,0,0
2020-02-26,2020,2,February,1,2020-Q1,Q1 2020,9,26,Wednesday,0,0
2020-02-27,2020,2,February,1,2020-Q1,Q1 2020,9,27,Thursday,0,0
2020-02-28,2020,2,February,1,2020-Q1,Q1 2020,9,28,Friday,0,0
2020-02-29,2020,2,February,1,2020-Q1,Q1 2020,9,29,Saturday,1,0
2020-03-01,2020,3,March,1,2020-Q1,Q1 2020,9,1,Sunday,1,0
2020-03-02,2020,3,March,1,2020-Q1,Q1 2020,10,2,Monday,0,0
2020-03-03,2020,3,March,1,2020-Q1,Q1 2020,10,3,Tuesday,0,0
2020-03-04,2020,3,March,1,2020-Q1,Q1 2020,10,4,Wednesday,0,0
2020-03-05,2020,3,March,1,2020-Q1,Q1 2020,10,5,Thursday,0,0
2020-03-06,2020,3,March,1,2020-Q1,Q1 2020,10,6,Friday,0,0
2020-03-07,2020,3,March,1,2020-Q1,Q1 2020,10,7,Saturday,1,0
2020-03-08,2020,3,March,1,2020-Q1,Q1 2020,10,8,Sunday,1,0
2020-03-09,2020,3,March,1,2020-Q1,Q1 2020,11,9,Monday,0,0
2020-03-10,2020,3,March,1,2020-Q1,Q1 2020,11,10,Tuesday,0,0
2020-03-11,2020,3,March,1,2020-Q1,Q1 2020,11,11,Wednesday,0,0
2020-03-12,2020,3,March,1,2020-Q1,Q1 2020,11,12,Thursday,0,0
2020-03-13,2020,3,March,1,2020-Q1,Q1 2020,11,13,Friday,0,0
2020-03-14,2020,3,March,1,2020-Q1,Q1 2020,11,14,Saturday,1,0
2020-03-15,2020,3,March,1,2020-Q1,Q1 2020,11,15,Sunday,1,0
2020-03-16,2020,3,March,1,2020-Q1,Q1 2020,12,16,Monday,0,0
2020-03-17,2020,3,March,1,2020-Q1,Q1 2020,12,17,Tuesday,0,0
2020-03-18,2020,3,March,1,2020-Q1,Q1 2020,12,18,Wednesday,0,0
2020-03-19,2020,3,March,1,2020-Q1,Q1 2020,12,19,Thursday,0,0
2020-03-20,2020,3,March,1,2020-Q1,Q1 2020,12,20,Friday,0,0
2020-03-21,2020,3,March,1,2020-Q1,Q1 2020,12,21,Saturday,1,0
2020-03-22,2020,3,March,1,2020-Q1,Q1 2020,12,22,Sunday,1,0
2020-03-23,2020,3,March,1,2020-Q1,Q1 2020,13,23,Monday,0,0
2020-03-24,2020,3,March,1,2020-Q1,Q1 2020,13,24,Tuesday,0,0
2020-03-25,2020,3,March,1,2020-Q1,Q1 2020,13,25,Wednesday,0,0
2020-03-26,2020,3,March,1,2020-Q1,Q1 2020,13,26,Thursday,0,0
2020-03-27,2020,3,March,1,2020-Q1,Q1 2020,13,27,Friday,0,0
2020-03-28,2020,3,March,1,2020-Q1,Q1 2020,13,28,Saturday,1,0
2020-03-29,2020,3,March,1,2020-Q1,Q1 2020,13,29,Sunday,1,0
2020-03-30,2020,3,March,1,2020-Q1,Q1 2020,14,30,Monday,0,0
2020-03-31,2020,3,March,1,2020-Q1,Q1 2020,14,31,Tuesday,0,0
2020-04-01,2020,4,April,2,2020-Q2,Q2 2020,14,1,Wednesday,0,0
2020-04-02,2020,4,April,2,2020-Q2,Q2 2020,14,2,Thursday,0,0
2020-04-03,2020,4,April,2,2020-Q2,Q2 2020,14,3,Friday,0,0
2020-04-04,2020,4,April,2,2020-Q2,Q2 2020,14,4,Saturday,1,0
2020-04-05,2020,4,April,2,2020-Q2,Q2 2020,14,5,Sunday,1,0
2020-04-06,2020,4,April,2,2020-Q2,Q2 2020,15,6,Monday,0,0
2020-04-07,2020,4,April,2,2020-Q2,Q2 2020,15,7,Tuesday,0,0
2020-04-08,2020,4,April,2,2020-Q2,Q2 2020,15,8,Wednesday,0,0
2020-04-09,2020,4,April,2,2020-Q2,Q2 2020,15,9,Thursday,0,0
2020-04-10,2020,4,April,2,2020-Q2,Q2 2020,15,10,Friday,0,0
2020-04-11,2020,4,April,2,2020-Q2,Q2 2020,15,11,Saturday,1,0
2020-04-12,2020,4,April,2,2020-Q2,Q2 2020,15,12,Sunday,1,0
2020-04-13,2020,4,April,2,2020-Q2,Q2 2020,16,13,Monday,0,0
2020-04-14,2020,4,April,2,2020-Q2,Q2 2020,16,14,Tuesday,0,0
2020-04-15,2020,4,April,2,2020-Q2,Q2 2020,16,15,Wednesday,0,0
2020-04-16,2020,4,April,2,2020-Q2,Q2 2020,16,16,Thursday,0,0
2020-04-17,2020,4,April,2,2020-Q2,Q2 2020,16,17,Friday,0,0
2020-04-18,2020,4,April,2,2020-Q2,Q2 2020,16,18,Saturday,1,0
2020-04-19,2020,4,April,2,2020-Q2,Q2 2020,16,19,Sunday,1,0
2020-04-20,2020,4,April,2,2020-Q2,Q2 2020,17,20,Monday,0,0
2020-04-21,2020,4,April,2,2020-Q2,Q2 2020,17,21,Tuesday,0,0
2020-04-22,2020,4,April,2,2020-Q2,Q2 2020,17,22,Wednesday,0,0
2020-04-23,2020,4,April,2,2020-Q2,Q2 2020,17,23,Thursday,0,0
2020-04-24,2020,4,April,2,2020-Q2,Q2 2020,17,24,Friday,0,0
2020-04-25,2020,4,April,2,2020-Q2,Q2 2020,17,25,Saturday,1,0
2020-04-26,2020,4,April,2,2020-Q2,Q2 2020,17,26,Sunday,1,0
2020-04-27,2020,4,April,2,2020-Q2,Q2 2020,18,27,Monday,0,0
2020-04-28,2020,4,April,2,2020-Q2,Q2 2020,18,28,Tuesday,0,0
2020-04-29,2020,4,April,2,2020-Q2,Q2 2020,18,29,Wednesday,0,0
2020-04-30,2020,4,April,2,2020-Q2,Q2 2020,18,30,Thursday,0,0
2020-05-01,2020,5,May,2,2020-Q2,Q2 2020,18,1,Friday,0,0
2020-05-02,2020,5,May,2,2020-Q2,Q2 2020,18,2,Saturday,1,0
2020-05-03,2020,5,May,2,2020-Q2,Q2 2020,18,3,Sunday,1,0
2020-05-04,2020,5,May,2,2020-Q2,Q2 2020,19,4,Monday,0,0
2020-05-05,2020,5,May,2,2020-Q2,Q2 2020,19,5,Tuesday,0,0
2020-05-06,2020,5,May,2,2020-Q2,Q2 2020,19,6,Wednesday,0,0
2020-05-07,2020,5,May,2,2020-Q2,Q2 2020,19,7,Thursday,0,0
2020-05-08,2020,5,May,2,2020-Q2,Q2 2020,19,8,Friday,0,0
2020-05-09,2020,5,May,2,2020-Q2,Q2 2020,19,9,Saturday,1,0
2020-05-10,2020,5,May,2,2020-Q2,Q2 2020,19,10,Sunday,1,0
2020-05-11,2020,5,May,2,2020-Q2,Q2 2020,20,11,Monday,0,0
2020-05-12,2020,5,May,2,2020-Q2,Q2 2020,20,12,Tuesday,0,0
2020-05-13,2020,5,May,2,2020-Q2,Q2 2020,20,13,Wednesday,0,0
2020-05-14,2020,5,May,2,2020-Q2,Q2 2020,20,14,Thursday,0,0
2020-05-15,2020,5,May,2,2020-Q2,Q2 2020,20,15,Friday,0,0
2020-05-16,2020,5,May,2,2020-Q2,Q2 2020,20,16,Saturday,1,0
2020-05-17,2020,5,May,2,2020-Q2,Q2 2020,20,17,Sunday,1,0
2020-05-18,2020,5,May,2,2020-Q2,Q2 2020,21,18,Monday,0,0
2020-05-19,2020,5,May,2,2020-Q2,Q2 2020,21,19,Tuesday,0,0
2020-05-20,2020,5,May,2,2020-Q2,Q2 2020,21,20,Wednesday,0,0
2020-05-21,2020,5,May,2,2020-Q2,Q2 2020,21,21,Thursday,0,0
2020-05-22,2020,5,May,2,2020-Q2,Q2 2020,21,22,Friday,0,0
2020-05-23,2020,5,May,2,2020-Q2,Q2 2020,21,23,Saturday,1,0
2020-05-24,2020,5,May,2,2020-Q2,Q2 2020,21,24,Sunday,1,0
2020-05-25,2020,5,May,2,2020-Q2,Q2 2020,22,25,Monday,0,0
2020-05-26,2020,5,May,2,2020-Q2,Q2 2020,22,26,Tuesday,0,0
2020-05-27,2020,5,May,2,2020-Q2,Q2 2020,22,27,Wednesday,0,0
2020-05-28,2020,5,May,2,2020-Q2,Q2 2020,22,28,Thursday,0,0
2020-05-29,2020,5,May,2,2020-Q2,Q2 2020,22,29,Friday,0,0
2020-05-30,2020,5,May,2,2020-Q2,Q2 2020,22,30,Saturday,1,0
2020-05-31,2020,5,May,2,2020-Q2,Q2 2020,22,31,Sunday,1,0
2020-06-01,2020,6,June,2,2020-Q2,Q2 2020,23,1,Monday,0,0
2020-06-02,2020,6,June,2,2020-Q2,Q2 2020,23,2,Tuesday,0,0
2020-06-03,2020,6,June,2,2020-Q2,Q2 2020,23,3,Wednesday,0,0
2020-06-04,2020,6,June,2,2020-Q2,Q2 2020,23,4,Thursday,0,0
2020-06-05,2020,6,June,2,2020-Q2,Q2 2020,23,5,Friday,0,0
2020-06-06,2020,6,June,2,2020-Q2,Q2 2020,23,6,Saturday,1,0
2020-06-07,2020,6,June,2,2020-Q2,Q2 2020,23,7,Sunday,1,0
2020-06-08,2020,6,June,2,2020-Q2,Q2 2020,24,8,Monday,0,0
2020-06-09,2020,6,June,2,2020-Q2,Q2 2020,24,9,Tuesday,0,0
2020-06-10,2020,6,June,2,2020-Q2,Q2 2020,24,10,Wednesday,0,0
2020-06-11,2020,6,June,2,2020-Q2,Q2 2020,24,11,Thursday,0,0
2020-06-12,2020,6,June,2,2020-Q2,Q2 2020,24,12,Friday,0,0
2020-06-13,2020,6,June,2,2020-Q2,Q2 2020,24,13,Saturday,1,0
2020-06-14,2020,6,June,2,2020-Q2,Q2 2020,24,14,Sunday,1,0
2020-06-15,2020,6,June,2,2020-Q2,Q2 2020,25,15,Monday,0,0
2020-06-16,2020,6,June,2,2020-Q2,Q2 2020,25,16,Tuesday,0,0
2020-06-17,2020,6,June,2,2020-Q2,Q2 2020,25,17,Wednesday,0,0
2020-06-18,2020,6,June,2,2020-Q2,Q2 2020,25,18,Thursday,0,0
2020-06-19,2020,6,June,2,2020-Q2,Q2 2020,25,19,Friday,0,0
2020-06-20,2020,6,June,2,2020-Q2,Q2 2020,25,20,Saturday,1,0
2020-06-21,2020,6,June,2,2020-Q2,Q2 2020,25,21,Sunday,1,0
2020-06-22,2020,6,June,2,2020-Q2,Q2 2020,26,22,Monday,0,0
2020-06-23,2020,6,June,2,2020-Q2,Q2 2020,26,23,Tuesday,0,0
2020-06-24,2020,6,June,2,2020-Q2,Q2 2020,26,24,Wednesday,0,0
2020-06-25,2020,6,June,2,2020-Q2,Q2 2020,26,25,Thursday,0,0
2020-06-26,2020,6,June,2,2020-Q2,Q2 2020,26,26,Friday,0,0
2020-06-27,2020,6,June,2,2020-Q2,Q2 2020,26,27,Saturday,1,0
2020-06-28,2020,6,June,2,2020-Q2,Q2 2020,26,28,Sunday,1,0
2020-06-29,2020,6,June,2,2020-Q2,Q2 2020,27,29,Monday,0,0
2020-06-30,2020,6,June,2,2020-Q2,Q2 2020,27,30,Tuesday,0,0
2020-07-01,2020,7,July,3,2020-Q3,Q3 2020,27,1,Wednesday,0,0
2020-07-02,2020,7,July,3,2020-Q3,Q3 2020,27,2,Thursday,0,0
2020-07-03,2020,7,July,3,2020-Q3,Q3 2020,27,3,Friday,0,0
2020-07-04,2020,7,July,3,2020-Q3,Q3 2020,27,4,Saturday,1,0
2020-07-05,2020,7,July,3,2020-Q3,Q3 2020,27,5,Sunday,1,0
2020-07-06,2020,7,July,3,2020-Q3,Q3 2020,28,6,Monday,0,0
2020-07-07,2020,7,July,3,2020-Q3,Q3 2020,28,7,Tuesday,0,0
2020-07-08,2020,7,July,3,2020-Q3,Q3 2020,28,8,Wednesday,0,0
2020-07-09,2020,7,July,3,2020-Q3,Q3 2020,28,9,Thursday,0,0
2020-07-10,2020,7,July,3,2020-Q3,Q3 2020,28,10,Friday,0,0
2020-07-11,2020,7,July,3,2020-Q3,Q3 2020,28,11,Saturday,1,0
2020-07-12,2020,7,July,3,2020-Q3,Q3 2020,28,12,Sunday,1,0
2020-07-13,2020,7,July,3,2020-Q3,Q3 2020,29,13,Monday,0,0
2020-07-14,2020,7,July,3,2020-Q3,Q3 2020,29,14,Tuesday,0,0
2020-07-15,2020,7,July,3,2020-Q3,Q3 2020,29,15,Wednesday,0,0
2020-07-16,2020,7,July,3,2020-Q3,Q3 2020,29,16,Thursday,0,0
2020-07-17,2020,7,July,3,2020-Q3,Q3 2020,29,17,Friday,0,0
2020-07-18,2020,7,July,3,2020-Q3,Q3 2020,29,18,Saturday,1,0
2020-07-19,2020,7,July,3,2020-Q3,Q3 2020,29,19,Sunday,1,0
2020-07-20,2020,7,July,3,2020-Q3,Q3 2020,30,20,Monday,0,0
2020-07-21,2020,7,July,3,2020-Q3,Q3 2020,30,21,Tuesday,0,0
2020-07-22,2020,7,July,3,2020-Q3,Q3 2020,30,22,Wednesday,0,0
2020-07-23,2020,7,July,3,2020-Q3,Q3 2020,30,23,Thursday,0,0
2020-07-24,2020,7,July,3,2020-Q3,Q3 2020,30,24,Friday,0,0
2020-07-25,2020,7,July,3,2020-Q3,Q3 2020,30,25,Saturday,1,0
2020-07-26,2020,7,July,3,2020-Q3,Q3 2020,30,26,Sunday,1,0
2020-07-27,2020,7,July,3,2020-Q3,Q3 2020,31,27,Monday,0,0
2020-07-28,2020,7,July,3,2020-Q3,Q3 2020,31,28,Tuesday,0,0
2020-07-29,2020,7,July,3,2020-Q3,Q3 2020,31,29,Wednesday,0,0
2020-07-30,2020,7,July,3,2020-Q3,Q3 2020,31,30,Thursday,0,0
2020-07-31,2020,7,July,3,2020-Q3,Q3 2020,31,31,Friday,0,0
2020-08-01,2020,8,August,3,2020-Q3,Q3 2020,31,1,Saturday,1,0
2020-08-02,2020,8,August,3,2020-Q3,Q3 2020,31,2,Sunday,1,0
2020-08-03,2020,8,August,3,2020-Q3,Q3 2020,32,3,Monday,0,0
2020-08-04,2020,8,August,3,2020-Q3,Q3 2020,32,4,Tuesday,0,0
2020-08-05,2020,8,August,3,2020-Q3,Q3 2020,32,5,Wednesday,0,0
2020-08-06,2020,8,August,3,2020-Q3,Q3 2020,32,6,Thursday,0,0
2020-08-07,2020,8,August,3,2020-Q3,Q3 2020,32,7,Friday,0,0
2020-08-08,2020,8,August,3,2020-Q3,Q3 2020,32,8,Saturday,1,0
2020-08-09,2020,8,August,3,2020-Q3,Q3 2020,32,9,Sunday,1,0
2020-08-10,2020,8,August,3,2020-Q3,Q3 2020,33,10,Monday,0,0
2020-08-11,2020,8,August,3,2020-Q3,Q3 2020,33,11,Tuesday,0,0
2020-08-12,2020,8,August,3,2020-Q3,Q3 2020,33,12,Wednesday,0,0
2020-08-13,2020,8,August,3,2020-Q3,Q3 2020,33,13,Thursday,0,0
2020-08-14,2020,8,August,3,2020-Q3,Q3 2020,33,14,Friday,0,0
2020-08-15,2020,8,August,3,2020-Q3,Q3 2020,33,15,Saturday,1,0
2020-08-16,2020,8,August,3,2020-Q3,Q3 2020,33,16,Sunday,1,0
2020-08-17,2020,8,August,3,2020-Q3,Q3 2020,34,17,Monday,0,0
2020-08-18,2020,8,August,3,2020-Q3,Q3 2020,34,18,Tuesday,0,0
2020-08-19,2020,8,August,3,2020-Q3,Q3 2020,34,19,Wednesday,0,0
2020-08-20,2020,8,August,3,2020-Q3,Q3 2020,34,20,Thursday,0,0
2020-08-21,2020,8,August,3,2020-Q3,Q3 2020,34,21,Friday,0,0
2020-08-22,2020,8,August,3,2020-Q3,Q3 2020,34,22,Saturday,1,0
2020-08-23,2020,8,August,3,2020-Q3,Q3 2020,34,23,Sunday,1,0
2020-08-24,2020,8,August,3,2020-Q3,Q3 2020,35,24,Monday,0,0
2020-08-25,2020,8,August,3,2020-Q3,Q3 2020,35,25,Tuesday,0,0
2020-08-26,2020,8,August,3,2020-Q3,Q3 2020,35,26,Wednesday,0,0
2020-08-27,2020,8,August,3,2020-Q3,Q3 2020,35,27,Thursday,0,0
2020-08-28,2020,8,August,3,2020-Q3,Q3 2020,35,28,Friday,0,0
2020-08-29,2020,8,August,3,2020-Q3,Q3 2020,35,29,Saturday,1,0
2020-08-30,2020,8,August,3,2020-Q3,Q3 2020,35,30,Sunday,1,0
2020-08-31,2020,8,August,3,2020-Q3,Q3 2020,36,31,Monday,0,0
2020-09-01,2020,9,September,3,2020-Q3,Q3 2020,36,1,Tuesday,0,0
2020-09-02,2020,9,September,3,2020-Q3,Q3 2020,36,2,Wednesday,0,0
2020-09-03,2020,9,September,3,2020-Q3,Q3 2020,36,3,Thursday,0,0
2020-09-04,2020,9,September,3,2020-Q3,Q3 2020,36,4,Friday,0,0
2020-09-05,2020,9,September,3,2020-Q3,Q3 2020,36,5,Saturday,1,0
2020-09-06,2020,9,September,3,2020-Q3,Q3 2020,36,6,Sunday,1,0
2020-09-07,2020,9,September,3,2020-Q3,Q3 2020,37,7,Monday,0,0
2020-09-08,2020,9,September,3,2020-Q3,Q3 2020,37,8,Tuesday,0,0
2020-09-09,2020,9,September,3,2020-Q3,Q3 2020,37,9,Wednesday,0,0
2020-09-10,2020,9,September,3,2020-Q3,Q3 2020,37,10,Thursday,0,0
2020-09-11,2020,9,September,3,2020-Q3,Q3 2020,37,11,Friday,0,0
2020-09-12,2020,9,September,3,2020-Q3,Q3 2020,37,12,Saturday,1,0
2020-09-13,2020,9,September,3,2020-Q3,Q3 2020,37,13,Sunday,1,0
2020-09-14,2020,9,September,3,2020-Q3,Q3 2020,38,14,Monday,0,0
2020-09-15,2020,9,September,3,2020-Q3,Q3 2020,38,15,Tuesday,0,0
2020-09-16,2020,9,September,3,2020-Q3,Q3 2020,38,16,Wednesday,0,0
2020-09-17,2020,9,September,3,2020-Q3,Q3 2020,38,17,Thursday,0,0
2020-09-18,2020,9,September,3,2020-Q3,Q3 2020,38,18,Friday,0,0
2020-09-19,2020,9,September,3,2020-Q3,Q3 2020,38,19,Saturday,1,0
2020-09-20,2020,9,September,3,2020-Q3,Q3 2020,38,20,Sunday,1,0
2020-09-21,2020,9,September,3,2020-Q3,Q3 2020,39,21,Monday,0,0
2020-09-22,2020,9,September,3,2020-Q3,Q3 2020,39,22,Tuesday,0,0
2020-09-23,2020,9,September,3,2020-Q3,Q3 2020,39,23,Wednesday,0,0
2020-09-24,2020,9,September,3,2020-Q3,Q3 2020,39,24,Thursday,0,0
2020-09-25,2020,9,September,3,2020-Q3,Q3 2020,39,25,Friday,0,0
2020-09-26,2020,9,September,3,2020-Q3,Q3 2020,39,26,Saturday,1,0
2020-09-27,2020,9,September,3,2020-Q3,Q3 2020,39,27,Sunday,1,0
2020-09-28,2020,9,September,3,2020-Q3,Q3 2020,40,28,Monday,0,0
2020-09-29,2020,9,September,3,2020-Q3,Q3 2020,40,29,Tuesday,0,0
2020-09-30,2020,9,September,3,2020-Q3,Q3 2020,40,30,Wednesday,0,0
2020-10-01,2020,10,October,4,2020-Q4,Q4 2020,40,1,Thursday,0,0
2020-10-02,2020,10,October,4,2020-Q4,Q4 2020,40,2,Friday,0,0
2020-10-03,2020,10,October,4,2020-Q4,Q4 2020,40,3,Saturday,1,0
2020-10-04,2020,10,October,4,2020-Q4,Q4 2020,40,4,Sunday,1,0
2020-10-05,2020,10,October,4,2020-Q4,Q4 2020,41,5,Monday,0,0
2020-10-06,2020,10,October,4,2020-Q4,Q4 2020,41,6,Tuesday,0,0
2020-10-07,2020,10,October,4,2020-Q4,Q4 2020,41,7,Wednesday,0,0
2020-10-08,2020,10,October,4,2020-Q4,Q4 2020,41,8,Thursday,0,0
2020-10-09,2020,10,October,4,2020-Q4,Q4 2020,41,9,Friday,0,0
2020-10-10,2020,10,October,4,2020-Q4,Q4 2020,41,10,Saturday,1,0
2020-10-11,2020,10,October,4,2020-Q4,Q4 2020,41,11,Sunday,1,0
2020-10-12,2020,10,October,4,2020-Q4,Q4 2020,42,12,Monday,0,0
2020-10-13,2020,10,October,4,2020-Q4,Q4 2020,42,13,Tuesday,0,0
2020-10-14,2020,10,October,4,2020-Q4,Q4 2020,42,14,Wednesday,0,0
2020-10-15,2020,10,October,4,2020-Q4,Q4 2020,42,15,Thursday,0,0
2020-10-16,2020,10,October,4,2020-Q4,Q4 2020,42,16,Friday,0,0
2020-10-17,2020,10,October,4,2020-Q4,Q4 2020,42,17,Saturday,1,0
2020-10-18,2020,10,October,4,2020-Q4,Q4 2020,42,18,Sunday,1,0
2020-10-19,2020,10,October,4,2020-Q4,Q4 2020,43,19,Monday,0,0
2020-10-20,2020,10,October,4,2020-Q4,Q4 2020,43,20,Tuesday,0,0
2020-10-21,2020,10,October,4,2020-Q4,Q4 2020,43,21,Wednesday,0,0
2020-10-22,2020,10,October,4,2020-Q4,Q4 2020,43,22,Thursday,0,0
2020-10-23,2020,10,October,4,2020-Q4,Q4 2020,43,23,Friday,0,0
2020-10-24,2020,10,October,4,2020-Q4,Q4 2020,43,24,Saturday,1,0
2020-10-25,2020,10,October,4,2020-Q4,Q4 2020,43,25,Sunday,1,0
2020-10-26,2020,10,October,4,2020-Q4,Q4 2020,44,26,Monday,0,0
2020-10-27,2020,10,October,4,2020-Q4,Q4 2020,44,27,Tuesday,0,0
2020-10-28,2020,10,October,4,2020-Q4,Q4 2020,44,28,Wednesday,0,0
2020-10-29,2020,10,October,4,2020-Q4,Q4 2020,44,29,Thursday,0,0
2020-10-30,2020,10,October,4,2020-Q4,Q4 2020,44,30,Friday,0,0
2020-10-31,2020,10,October,4,2020-Q4,Q4 2020,44,31,Saturday,1,0
2020-11-01,2020,11,November,4,2020-Q4,Q4 2020,44,1,Sunday,1,0
2020-11-02,2020,11,November,4,2020-Q4,Q4 2020,45,2,Monday,0,0
2020-11-03,2020,11,November,4,2020-Q4,Q4 2020,45,3,Tuesday,0,0
2020-11-04,2020,11,November,4,2020-Q4,Q4 2020,45,4,Wednesday,0,0
2020-11-05,2020,11,November,4,2020-Q4,Q4 2020,45,5,Thursday,0,0
2020-11-06,2020,11,November,4,2020-Q4,Q4 2020,45,6,Friday,0,0
2020-11-07,2020,11,November,4,2020-Q4,Q4 2020,45,7,Saturday,1,0
2020-11-08,2020,11,November,4,2020-Q4,Q4 2020,45,8,Sunday,1,0
2020-11-09,2020,11,November,4,2020-Q4,Q4 2020,46,9,Monday,0,0
2020-11-10,2020,11,November,4,2020-Q4,Q4 2020,46,10,Tuesday,0,0
2020-11-11,2020,11,November,4,2020-Q4,Q4 2020,46,11,Wednesday,0,0
2020-11-12,2020,11,November,4,2020-Q4,Q4 2020,46,12,Thursday,0,0
2020-11-13,2020,11,November,4,2020-Q4,Q4 2020,46,13,Friday,0,0
2020-11-14,2020,11,November,4,2020-Q4,Q4 2020,46,14,Saturday,1,0
2020-11-15,2020,11,November,4,2020-Q4,Q4 2020,46,15,Sunday,1,0
2020-11-16,2020,11,November,4,2020-Q4,Q4 2020,47,16,Monday,0,0
2020-11-17,2020,11,November,4,2020-Q4,Q4 2020,47,17,Tuesday,0,0
2020-11-18,2020,11,November,4,2020-Q4,Q4 2020,47,18,Wednesday,0,0
2020-11-19,2020,11,November,4,2020-Q4,Q4 2020,47,19,Thursday,0,0
2020-11-20,2020,11,November,4,2020-Q4,Q4 2020,47,20,Friday,0,0
2020-11-21,2020,11,November,4,2020-Q4,Q4 2020,47,21,Saturday,1,0
2020-11-22,2020,11,November,4,2020-Q4,Q4 2020,47,22,Sunday,1,0
2020-11-23,2020,11,November,4,2020-Q4,Q4 2020,48,23,Monday,0,0
2020-11-24,2020,11,November,4,2020-Q4,Q4 2020,48,24,Tuesday,0,0
2020-11-25,2020,11,November,4,2020-Q4,Q4 2020,48,25,Wednesday,0,0
2020-11-26,2020,11,November,4,2020-Q4,Q4 2020,48,26,Thursday,0,0
2020-11-27,2020,11,November,4,2020-Q4,Q4 2020,48,27,Friday,0,0
2020-11-28,2020,11,November,4,2020-Q4,Q4 2020,48,28,Saturday,1,0
2020-11-29,2020,11,November,4,2020-Q4,Q4 2020,48,29,Sunday,1,0
2020-11-30,2020,11,November,4,2020-Q4,Q4 2020,49,30,Monday,0,0
2020-12-01,2020,12,December,4,2020-Q4,Q4 2020,49,1,Tuesday,0,0
2020-12-02,2020,12,December,4,2020-Q4,Q4 2020,49,2,Wednesday,0,0
2020-12-03,2020,12,December,4,2020-Q4,Q4 2020,49,3,Thursday,0,0
2020-12-04,2020,12,December,4,2020-Q4,Q4 2020,49,4,Friday,0,0
2020-12-05,2020,12,December,4,2020-Q4,Q4 2020,49,5,Saturday,1,0
2020-12-06,2020,12,December,4,2020-Q4,Q4 2020,49,6,Sunday,1,0
2020-12-07,2020,12,December,4,2020-Q4,Q4 2020,50,7,Monday,0,0
2020-12-08,2020,12,December,4,2020-Q4,Q4 2020,50,8,Tuesday,0,0
2020-12-09,2020,12,December,4,2020-Q4,Q4 2020,50,9,Wednesday,0,0
2020-12-10,2020,12,December,4,2020-Q4,Q4 2020,50,10,Thursday,0,0
2020-12-11,2020,12,December,4,2020-Q4,Q4 2020,50,11,Friday,0,0
2020-12-12,2020,12,December,4,2020-Q4,Q4 2020,50,12,Saturday,1,0
2020-12-13,2020,12,December,4,2020-Q4,Q4 2020,50,13,Sunday,1,0
2020-12-14,2020,12,December,4,2020-Q4,Q4 2020,51,14,Monday,0,0
2020-12-15,2020,12,December,4,2020-Q4,Q4 2020,51,15,Tuesday,0,1
2020-12-16,2020,12,December,4,2020-Q4,Q4 2020,51,16,Wednesday,0,1
2020-12-17,2020,12,December,4,2020-Q4,Q4 2020,51,17,Thursday,0,1
2020-12-18,2020,12,December,4,2020-Q4,Q4 2020,51,18,Friday,0,1
2020-12-19,2020,12,December,4,2020-Q4,Q4 2020,51,19,Saturday,1,1
2020-12-20,2020,12,December,4,2020-Q4,Q4 2020,51,20,Sunday,1,1
2020-12-21,2020,12,December,4,2020-Q4,Q4 2020,52,21,Monday,0,1
2020-12-22,2020,12,December,4,2020-Q4,Q4 2020,52,22,Tuesday,0,1
2020-12-23,2020,12,December,4,2020-Q4,Q4 2020,52,23,Wednesday,0,1
2020-12-24,2020,12,December,4,2020-Q4,Q4 2020,52,24,Thursday,0,1
2020-12-25,2020,12,December,4,2020-Q4,Q4 2020,52,25,Friday,0,1
2020-12-26,2020,12,December,4,2020-Q4,Q4 2020,52,26,Saturday,1,1
2020-12-27,2020,12,December,4,2020-Q4,Q4 2020,52,27,Sunday,1,1
2020-12-28,2020,12,December,4,2020-Q4,Q4 2020,53,28,Monday,0,1
2020-12-29,2020,12,December,4,2020-Q4,Q4 2020,53,29,Tuesday,0,1
2020-12-30,2020,12,December,4,2020-Q4,Q4 2020,53,30,Wednesday,0,1
2020-12-31,2020,12,December,4,2020-Q4,Q4 2020,53,31,Thursday,0,1
2021-01-01,2021,1,January,1,2021-Q1,Q1 2021,53,1,Friday,0,0
2021-01-02,2021,1,January,1,2021-Q1,Q1 2021,53,2,Saturday,1,0
2021-01-03,2021,1,January,1,2021-Q1,Q1 2021,53,3,Sunday,1,0
2021-01-04,2021,1,January,1,2021-Q1,Q1 2021,1,4,Monday,0,0
2021-01-05,2021,1,January,1,2021-Q1,Q1 2021,1,5,Tuesday,0,0
2021-01-06,2021,1,January,1,2021-Q1,Q1 2021,1,6,Wednesday,0,0
2021-01-07,2021,1,January,1,2021-Q1,Q1 2021,1,7,Thursday,0,0
2021-01-08,2021,1,January,1,2021-Q1,Q1 2021,1,8,Friday,0,0
2021-01-09,2021,1,January,1,2021-Q1,Q1 2021,1,9,Saturday,1,0
2021-01-10,2021,1,January,1,2021-Q1,Q1 2021,1,10,Sunday,1,0
2021-01-11,2021,1,January,1,2021-Q1,Q1 2021,2,11,Monday,0,0
2021-01-12,2021,1,January,1,2021-Q1,Q1 2021,2,12,Tuesday,0,0
2021-01-13,2021,1,January,1,2021-Q1,Q1 2021,2,13,Wednesday,0,0
2021-01-14,2021,1,January,1,2021-Q1,Q1 2021,2,14,Thursday,0,0
2021-01-15,2021,1,January,1,2021-Q1,Q1 2021,2,15,Friday,0,0
2021-01-16,2021,1,January,1,2021-Q1,Q1 2021,2,16,Saturday,1,0
2021-01-17,2021,1,January,1,2021-Q1,Q1 2021,2,17,Sunday,1,0
2021-01-18,2021,1,January,1,2021-Q1,Q1 2021,3,18,Monday,0,0
2021-01-19,2021,1,January,1,2021-Q1,Q1 2021,3,19,Tuesday,0,0
2021-01-20,2021,1,January,1,2021-Q1,Q1 2021,3,20,Wednesday,0,0
2021-01-21,2021,1,January,1,2021-Q1,Q1 2021,3,21,Thursday,0,0
2021-01-22,2021,1,January,1,2021-Q1,Q1 2021,3,22,Friday,0,0
2021-01-23,2021,1,January,1,2021-Q1,Q1 2021,3,23,Saturday,1,0
2021-01-24,2021,1,January,1,2021-Q1,Q1 2021,3,24,Sunday,1,0
2021-01-25,2021,1,January,1,2021-Q1,Q1 2021,4,25,Monday,0,0
2021-01-26,2021,1,January,1,2021-Q1,Q1 2021,4,26,Tuesday,0,0
2021-01-27,2021,1,January,1,2021-Q1,Q1 2021,4,27,Wednesday,0,0
2021-01-28,2021,1,January,1,2021-Q1,Q1 2021,4,28,Thursday,0,0
2021-01-29,2021,1,January,1,2021-Q1,Q1 2021,4,29,Friday,0,0
2021-01-30,2021,1,January,1,2021-Q1,Q1 2021,4,30,Saturday,1,0
2021-01-31,2021,1,January,1,2021-Q1,Q1 2021,4,31,Sunday,1,0
2021-02-01,2021,2,February,1,2021-Q1,Q1 2021,5,1,Monday,0,0
2021-02-02,2021,2,February,1,2021-Q1,Q1 2021,5,2,Tuesday,0,0
2021-02-03,2021,2,February,1,2021-Q1,Q1 2021,5,3,Wednesday,0,0
2021-02-04,2021,2,February,1,2021-Q1,Q1 2021,5,4,Thursday,0,0
2021-02-05,2021,2,February,1,2021-Q1,Q1 2021,5,5,Friday,0,0
2021-02-06,2021,2,February,1,2021-Q1,Q1 2021,5,6,Saturday,1,0
2021-02-07,2021,2,February,1,2021-Q1,Q1 2021,5,7,Sunday,1,0
2021-02-08,2021,2,February,1,2021-Q1,Q1 2021,6,8,Monday,0,0
2021-02-09,2021,2,February,1,2021-Q1,Q1 2021,6,9,Tuesday,0,0
2021-02-10,2021,2,February,1,2021-Q1,Q1 2021,6,10,Wednesday,0,0
2021-02-11,2021,2,February,1,2021-Q1,Q1 2021,6,11,Thursday,0,0
2021-02-12,2021,2,February,1,2021-Q1,Q1 2021,6,12,Friday,0,0
2021-02-13,2021,2,February,1,2021-Q1,Q1 2021,6,13,Saturday,1,0
2021-02-14,2021,2,February,1,2021-Q1,Q1 2021,6,14,Sunday,1,0
2021-02-15,2021,2,February,1,2021-Q1,Q1 2021,7,15,Monday,0,0
2021-02-16,2021,2,February,1,2021-Q1,Q1 2021,7,16,Tuesday,0,0
2021-02-17,2021,2,February,1,2021-Q1,Q1 2021,7,17,Wednesday,0,0
2021-02-18,2021,2,February,1,2021-Q1,Q1 2021,7,18,Thursday,0,0
2021-02-19,2021,2,February,1,2021-Q1,Q1 2021,7,19,Friday,0,0
2021-02-20,2021,2,February,1,2021-Q1,Q1 2021,7,20,Saturday,1,0
2021-02-21,2021,2,February,1,2021-Q1,Q1 2021,7,21,Sunday,1,0
2021-02-22,2021,2,February,1,2021-Q1,Q1 2021,8,22,Monday,0,0
2021-02-23,2021,2,February,1,2021-Q1,Q1 2021,8,23,Tuesday,0,0
2021-02-24,2021,2,February,1,2021-Q1,Q1 2021,8,24,Wednesday,0,0
2021-02-25,2021,2,February,1,2021-Q1,Q1 2021,8,25,Thursday,0,0
2021-02-26,2021,2,February,1,2021-Q1,Q1 2021,8,26,Friday,0,0
2021-02-27,2021,2,February,1,2021-Q1,Q1 2021,8,27,Saturday,1,0
2021-02-28,2021,2,February,1,2021-Q1,Q1 2021,8,28,Sunday,1,0
2021-03-01,2021,3,March,1,2021-Q1,Q1 2021,9,1,Monday,0,0
2021-03-02,2021,3,March,1,2021-Q1,Q1 2021,9,2,Tuesday,0,0
2021-03-03,2021,3,March,1,2021-Q1,Q1 2021,9,3,Wednesday,0,0
2021-03-04,2021,3,March,1,2021-Q1,Q1 2021,9,4,Thursday,0,0
2021-03-05,2021,3,March,1,2021-Q1,Q1 2021,9,5,Friday,0,0
2021-03-06,2021,3,March,1,2021-Q1,Q1 2021,9,6,Saturday,1,0
2021-03-07,2021,3,March,1,2021-Q1,Q1 2021,9,7,Sunday,1,0
2021-03-08,2021,3,March,1,2021-Q1,Q1 2021,10,8,Monday,0,0
2021-03-09,2021,3,March,1,2021-Q1,Q1 2021,10,9,Tuesday,0,0
2021-03-10,2021,3,March,1,2021-Q1,Q1 2021,10,10,Wednesday,0,0
2021-03-11,2021,3,March,1,2021-Q1,Q1 2021,10,11,Thursday,0,0
2021-03-12,2021,3,March,1,2021-Q1,Q1 2021,10,12,Friday,0,0
2021-03-13,2021,3,March,1,2021-Q1,Q1 2021,10,13,Saturday,1,0
2021-03-14,2021,3,March,1,2021-Q1,Q1 2021,10,14,Sunday,1,0
2021-03-15,2021,3,March,1,2021-Q1,Q1 2021,11,15,Monday,0,0
2021-03-16,2021,3,March,1,2021-Q1,Q1 2021,11,16,Tuesday,0,0
2021-03-17,2021,3,March,1,2021-Q1,Q1 2021,11,17,Wednesday,0,0
2021-03-18,2021,3,March,1,2021-Q1,Q1 2021,11,18,Thursday,0,0
2021-03-19,2021,3,March,1,2021-Q1,Q1 2021,11,19,Friday,0,0
2021-03-20,2021,3,March,1,2021-Q1,Q1 2021,11,20,Saturday,1,0
2021-03-21,2021,3,March,1,2021-Q1,Q1 2021,11,21,Sunday,1,0
2021-03-22,2021,3,March,1,2021-Q1,Q1 2021,12,22,Monday,0,0
2021-03-23,2021,3,March,1,2021-Q1,Q1 2021,12,23,Tuesday,0,0
2021-03-24,2021,3,March,1,2021-Q1,Q1 2021,12,24,Wednesday,0,0
2021-03-25,2021,3,March,1,2021-Q1,Q1 2021,12,25,Thursday,0,0
2021-03-26,2021,3,March,1,2021-Q1,Q1 2021,12,26,Friday,0,0
2021-03-27,2021,3,March,1,2021-Q1,Q1 2021,12,27,Saturday,1,0
2021-03-28,2021,3,March,1,2021-Q1,Q1 2021,12,28,Sunday,1,0
2021-03-29,2021,3,March,1,2021-Q1,Q1 2021,13,29,Monday,0,0
2021-03-30,2021,3,March,1,2021-Q1,Q1 2021,13,30,Tuesday,0,0
2021-03-31,2021,3,March,1,2021-Q1,Q1 2021,13,31,Wednesday,0,0
2021-04-01,2021,4,April,2,2021-Q2,Q2 2021,13,1,Thursday,0,0
2021-04-02,2021,4,April,2,2021-Q2,Q2 2021,13,2,Friday,0,0
2021-04-03,2021,4,April,2,2021-Q2,Q2 2021,13,3,Saturday,1,0
2021-04-04,2021,4,April,2,2021-Q2,Q2 2021,13,4,Sunday,1,0
2021-04-05,2021,4,April,2,2021-Q2,Q2 2021,14,5,Monday,0,0
2021-04-06,2021,4,April,2,2021-Q2,Q2 2021,14,6,Tuesday,0,0
2021-04-07,2021,4,April,2,2021-Q2,Q2 2021,14,7,Wednesday,0,0
2021-04-08,2021,4,April,2,2021-Q2,Q2 2021,14,8,Thursday,0,0
2021-04-09,2021,4,April,2,2021-Q2,Q2 2021,14,9,Friday,0,0
2021-04-10,2021,4,April,2,2021-Q2,Q2 2021,14,10,Saturday,1,0
2021-04-11,2021,4,April,2,2021-Q2,Q2 2021,14,11,Sunday,1,0
2021-04-12,2021,4,April,2,2021-Q2,Q2 2021,15,12,Monday,0,0
2021-04-13,2021,4,April,2,2021-Q2,Q2 2021,15,13,Tuesday,0,0
2021-04-14,2021,4,April,2,2021-Q2,Q2 2021,15,14,Wednesday,0,0
2021-04-15,2021,4,April,2,2021-Q2,Q2 2021,15,15,Thursday,0,0
2021-04-16,2021,4,April,2,2021-Q2,Q2 2021,15,16,Friday,0,0
2021-04-17,2021,4,April,2,2021-Q2,Q2 2021,15,17,Saturday,1,0
2021-04-18,2021,4,April,2,2021-Q2,Q2 2021,15,18,Sunday,1,0
2021-04-19,2021,4,April,2,2021-Q2,Q2 2021,16,19,Monday,0,0
2021-04-20,2021,4,April,2,2021-Q2,Q2 2021,16,20,Tuesday,0,0
2021-04-21,2021,4,April,2,2021-Q2,Q2 2021,16,21,Wednesday,0,0
2021-04-22,2021,4,April,2,2021-Q2,Q2 2021,16,22,Thursday,0,0
2021-04-23,2021,4,April,2,2021-Q2,Q2 2021,16,23,Friday,0,0
2021-04-24,2021,4,April,2,2021-Q2,Q2 2021,16,24,Saturday,1,0
2021-04-25,2021,4,April,2,2021-Q2,Q2 2021,16,25,Sunday,1,0
2021-04-26,2021,4,April,2,2021-Q2,Q2 2021,17,26,Monday,0,0
2021-04-27,2021,4,April,2,2021-Q2,Q2 2021,17,27,Tuesday,0,0
2021-04-28,2021,4,April,2,2021-Q2,Q2 2021,17,28,Wednesday,0,0
2021-04-29,2021,4,April,2,2021-Q2,Q2 2021,17,29,Thursday,0,0
2021-04-30,2021,4,April,2,2021-Q2,Q2 2021,17,30,Friday,0,0
2021-05-01,2021,5,May,2,2021-Q2,Q2 2021,17,1,Saturday,1,0
2021-05-02,2021,5,May,2,2021-Q2,Q2 2021,17,2,Sunday,1,0
2021-05-03,2021,5,May,2,2021-Q2,Q2 2021,18,3,Monday,0,0
2021-05-04,2021,5,May,2,2021-Q2,Q2 2021,18,4,Tuesday,0,0
2021-05-05,2021,5,May,2,2021-Q2,Q2 2021,18,5,Wednesday,0,0
2021-05-06,2021,5,May,2,2021-Q2,Q2 2021,18,6,Thursday,0,0
2021-05-07,2021,5,May,2,2021-Q2,Q2 2021,18,7,Friday,0,0
2021-05-08,2021,5,May,2,2021-Q2,Q2 2021,18,8,Saturday,1,0
2021-05-09,2021,5,May,2,2021-Q2,Q2 2021,18,9,Sunday,1,0
2021-05-10,2021,5,May,2,2021-Q2,Q2 2021,19,10,Monday,0,0
2021-05-11,2021,5,May,2,2021-Q2,Q2 2021,19,11,Tuesday,0,0
2021-05-12,2021,5,May,2,2021-Q2,Q2 2021,19,12,Wednesday,0,0
2021-05-13,2021,5,May,2,2021-Q2,Q2 2021,19,13,Thursday,0,0
2021-05-14,2021,5,May,2,2021-Q2,Q2 2021,19,14,Friday,0,0
2021-05-15,2021,5,May,2,2021-Q2,Q2 2021,19,15,Saturday,1,0
2021-05-16,2021,5,May,2,2021-Q2,Q2 2021,19,16,Sunday,1,0
2021-05-17,2021,5,May,2,2021-Q2,Q2 2021,20,17,Monday,0,0
2021-05-18,2021,5,May,2,2021-Q2,Q2 2021,20,18,Tuesday,0,0
2021-05-19,2021,5,May,2,2021-Q2,Q2 2021,20,19,Wednesday,0,0
2021-05-20,2021,5,May,2,2021-Q2,Q2 2021,20,20,Thursday,0,0
2021-05-21,2021,5,May,2,2021-Q2,Q2 2021,20,21,Friday,0,0
2021-05-22,2021,5,May,2,2021-Q2,Q2 2021,20,22,Saturday,1,0
2021-05-23,2021,5,May,2,2021-Q2,Q2 2021,20,23,Sunday,1,0
2021-05-24,2021,5,May,2,2021-Q2,Q2 2021,21,24,Monday,0,0
2021-05-25,2021,5,May,2,2021-Q2,Q2 2021,21,25,Tuesday,0,0
2021-05-26,2021,5,May,2,2021-Q2,Q2 2021,21,26,Wednesday,0,0
2021-05-27,2021,5,May,2,2021-Q2,Q2 2021,21,27,Thursday,0,0
2021-05-28,2021,5,May,2,2021-Q2,Q2 2021,21,28,Friday,0,0
2021-05-29,2021,5,May,2,2021-Q2,Q2 2021,21,29,Saturday,1,0
2021-05-30,2021,5,May,2,2021-Q2,Q2 2021,21,30,Sunday,1,0
2021-05-31,2021,5,May,2,2021-Q2,Q2 2021,22,31,Monday,0,0
2021-06-01,2021,6,June,2,2021-Q2,Q2 2021,22,1,Tuesday,0,0
2021-06-02,2021,6,June,2,2021-Q2,Q2 2021,22,2,Wednesday,0,0
2021-06-03,2021,6,June,2,2021-Q2,Q2 2021,22,3,Thursday,0,0
2021-06-04,2021,6,June,2,2021-Q2,Q2 2021,22,4,Friday,0,0
2021-06-05,2021,6,June,2,2021-Q2,Q2 2021,22,5,Saturday,1,0
2021-06-06,2021,6,June,2,2021-Q2,Q2 2021,22,6,Sunday,1,0
2021-06-07,2021,6,June,2,2021-Q2,Q2 2021,23,7,Monday,0,0
2021-06-08,2021,6,June,2,2021-Q2,Q2 2021,23,8,Tuesday,0,0
2021-06-09,2021,6,June,2,2021-Q2,Q2 2021,23,9,Wednesday,0,0
2021-06-10,2021,6,June,2,2021-Q2,Q2 2021,23,10,Thursday,0,0
2021-06-11,2021,6,June,2,2021-Q2,Q2 2021,23,11,Friday,0,0
2021-06-12,2021,6,June,2,2021-Q2,Q2 2021,23,12,Saturday,1,0
2021-06-13,2021,6,June,2,2021-Q2,Q2 2021,23,13,Sunday,1,0
2021-06-14,2021,6,June,2,2021-Q2,Q2 2021,24,14,Monday,0,0
2021-06-15,2021,6,June,2,2021-Q2,Q2 2021,24,15,Tuesday,0,0
2021-06-16,2021,6,June,2,2021-Q2,Q2 2021,24,16,Wednesday,0,0
2021-06-17,2021,6,June,2,2021-Q2,Q2 2021,24,17,Thursday,0,0
2021-06-18,2021,6,June,2,2021-Q2,Q2 2021,24,18,Friday,0,0
2021-06-19,2021,6,June,2,2021-Q2,Q2 2021,24,19,Saturday,1,0
2021-06-20,2021,6,June,2,2021-Q2,Q2 2021,24,20,Sunday,1,0
2021-06-21,2021,6,June,2,2021-Q2,Q2 2021,25,21,Monday,0,0
2021-06-22,2021,6,June,2,2021-Q2,Q2 2021,25,22,Tuesday,0,0
2021-06-23,2021,6,June,2,2021-Q2,Q2 2021,25,23,Wednesday,0,0
2021-06-24,2021,6,June,2,2021-Q2,Q2 2021,25,24,Thursday,0,0
2021-06-25,2021,6,June,2,2021-Q2,Q2 2021,25,25,Friday,0,0
2021-06-26,2021,6,June,2,2021-Q2,Q2 2021,25,26,Saturday,1,0
2021-06-27,2021,6,June,2,2021-Q2,Q2 2021,25,27,Sunday,1,0
2021-06-28,2021,6,June,2,2021-Q2,Q2 2021,26,28,Monday,0,0
2021-06-29,2021,6,June,2,2021-Q2,Q2 2021,26,29,Tuesday,0,0
2021-06-30,2021,6,June,2,2021-Q2,Q2 2021,26,30,Wednesday,0,0
2021-07-01,2021,7,July,3,2021-Q3,Q3 2021,26,1,Thursday,0,0
2021-07-02,2021,7,July,3,2021-Q3,Q3 2021,26,2,Friday,0,0
2021-07-03,2021,7,July,3,2021-Q3,Q3 2021,26,3,Saturday,1,0
2021-07-04,2021,7,July,3,2021-Q3,Q3 2021,26,4,Sunday,1,0
2021-07-05,2021,7,July,3,2021-Q3,Q3 2021,27,5,Monday,0,0
2021-07-06,2021,7,July,3,2021-Q3,Q3 2021,27,6,Tuesday,0,0
2021-07-07,2021,7,July,3,2021-Q3,Q3 2021,27,7,Wednesday,0,0
2021-07-08,2021,7,July,3,2021-Q3,Q3 2021,27,8,Thursday,0,0
2021-07-09,2021,7,July,3,2021-Q3,Q3 2021,27,9,Friday,0,0
2021-07-10,2021,7,July,3,2021-Q3,Q3 2021,27,10,Saturday,1,0
2021-07-11,2021,7,July,3,2021-Q3,Q3 2021,27,11,Sunday,1,0
2021-07-12,2021,7,July,3,2021-Q3,Q3 2021,28,12,Monday,0,0
2021-07-13,2021,7,July,3,2021-Q3,Q3 2021,28,13,Tuesday,0,0
2021-07-14,2021,7,July,3,2021-Q3,Q3 2021,28,14,Wednesday,0,0
2021-07-15,2021,7,July,3,2021-Q3,Q3 2021,28,15,Thursday,0,0
2021-07-16,2021,7,July,3,2021-Q3,Q3 2021,28,16,Friday,0,0
2021-07-17,2021,7,July,3,2021-Q3,Q3 2021,28,17,Saturday,1,0
2021-07-18,2021,7,July,3,2021-Q3,Q3 2021,28,18,Sunday,1,0
2021-07-19,2021,7,July,3,2021-Q3,Q3 2021,29,19,Monday,0,0
2021-07-20,2021,7,July,3,2021-Q3,Q3 2021,29,20,Tuesday,0,0
2021-07-21,2021,7,July,3,2021-Q3,Q3 2021,29,21,Wednesday,0,0
2021-07-22,2021,7,July,3,2021-Q3,Q3 2021,29,22,Thursday,0,0
2021-07-23,2021,7,July,3,2021-Q3,Q3 2021,29,23,Friday,0,0
2021-07-24,2021,7,July,3,2021-Q3,Q3 2021,29,24,Saturday,1,0
2021-07-25,2021,7,July,3,2021-Q3,Q3 2021,29,25,Sunday,1,0
2021-07-26,2021,7,July,3,2021-Q3,Q3 2021,30,26,Monday,0,0
2021-07-27,2021,7,July,3,2021-Q3,Q3 2021,30,27,Tuesday,0,0
2021-07-28,2021,7,July,3,2021-Q3,Q3 2021,30,28,Wednesday,0,0
2021-07-29,2021,7,July,3,2021-Q3,Q3 2021,30,29,Thursday,0,0
2021-07-30,2021,7,July,3,2021-Q3,Q3 2021,30,30,Friday,0,0
2021-07-31,2021,7,July,3,2021-Q3,Q3 2021,30,31,Saturday,1,0
2021-08-01,2021,8,August,3,2021-Q3,Q3 2021,30,1,Sunday,1,0
2021-08-02,2021,8,August,3,2021-Q3,Q3 2021,31,2,Monday,0,0
2021-08-03,2021,8,August,3,2021-Q3,Q3 2021,31,3,Tuesday,0,0
2021-08-04,2021,8,August,3,2021-Q3,Q3 2021,31,4,Wednesday,0,0
2021-08-05,2021,8,August,3,2021-Q3,Q3 2021,31,5,Thursday,0,0
2021-08-06,2021,8,August,3,2021-Q3,Q3 2021,31,6,Friday,0,0
2021-08-07,2021,8,August,3,2021-Q3,Q3 2021,31,7,Saturday,1,0
2021-08-08,2021,8,August,3,2021-Q3,Q3 2021,31,8,Sunday,1,0
2021-08-09,2021,8,August,3,2021-Q3,Q3 2021,32,9,Monday,0,0
2021-08-10,2021,8,August,3,2021-Q3,Q3 2021,32,10,Tuesday,0,0
2021-08-11,2021,8,August,3,2021-Q3,Q3 2021,32,11,Wednesday,0,0
2021-08-12,2021,8,August,3,2021-Q3,Q3 2021,32,12,Thursday,0,0
2021-08-13,2021,8,August,3,2021-Q3,Q3 2021,32,13,Friday,0,0
2021-08-14,2021,8,August,3,2021-Q3,Q3 2021,32,14,Saturday,1,0
2021-08-15,2021,8,August,3,2021-Q3,Q3 2021,32,15,Sunday,1,0
2021-08-16,2021,8,August,3,2021-Q3,Q3 2021,33,16,Monday,0,0
2021-08-17,2021,8,August,3,2021-Q3,Q3 2021,33,17,Tuesday,0,0
2021-08-18,2021,8,August,3,2021-Q3,Q3 2021,33,18,Wednesday,0,0
2021-08-19,2021,8,August,3,2021-Q3,Q3 2021,33,19,Thursday,0,0
2021-08-20,2021,8,August,3,2021-Q3,Q3 2021,33,20,Friday,0,0
2021-08-21,2021,8,August,3,2021-Q3,Q3 2021,33,21,Saturday,1,0
2021-08-22,2021,8,August,3,2021-Q3,Q3 2021,33,22,Sunday,1,0
2021-08-23,2021,8,August,3,2021-Q3,Q3 2021,34,23,Monday,0,0
2021-08-24,2021,8,August,3,2021-Q3,Q3 2021,34,24,Tuesday,0,0
2021-08-25,2021,8,August,3,2021-Q3,Q3 2021,34,25,Wednesday,0,0
2021-08-26,2021,8,August,3,2021-Q3,Q3 2021,34,26,Thursday,0,0
2021-08-27,2021,8,August,3,2021-Q3,Q3 2021,34,27,Friday,0,0
2021-08-28,2021,8,August,3,2021-Q3,Q3 2021,34,28,Saturday,1,0
2021-08-29,2021,8,August,3,2021-Q3,Q3 2021,34,29,Sunday,1,0
2021-08-30,2021,8,August,3,2021-Q3,Q3 2021,35,30,Monday,0,0
2021-08-31,2021,8,August,3,2021-Q3,Q3 2021,35,31,Tuesday,0,0
2021-09-01,2021,9,September,3,2021-Q3,Q3 2021,35,1,Wednesday,0,0
2021-09-02,2021,9,September,3,2021-Q3,Q3 2021,35,2,Thursday,0,0
2021-09-03,2021,9,September,3,2021-Q3,Q3 2021,35,3,Friday,0,0
2021-09-04,2021,9,September,3,2021-Q3,Q3 2021,35,4,Saturday,1,0
2021-09-05,2021,9,September,3,2021-Q3,Q3 2021,35,5,Sunday,1,0
2021-09-06,2021,9,September,3,2021-Q3,Q3 2021,36,6,Monday,0,0
2021-09-07,2021,9,September,3,2021-Q3,Q3 2021,36,7,Tuesday,0,0
2021-09-08,2021,9,September,3,2021-Q3,Q3 2021,36,8,Wednesday,0,0
2021-09-09,2021,9,September,3,2021-Q3,Q3 2021,36,9,Thursday,0,0
2021-09-10,2021,9,September,3,2021-Q3,Q3 2021,36,10,Friday,0,0
2021-09-11,2021,9,September,3,2021-Q3,Q3 2021,36,11,Saturday,1,0
2021-09-12,2021,9,September,3,2021-Q3,Q3 2021,36,12,Sunday,1,0
2021-09-13,2021,9,September,3,2021-Q3,Q3 2021,37,13,Monday,0,0
2021-09-14,2021,9,September,3,2021-Q3,Q3 2021,37,14,Tuesday,0,0
2021-09-15,2021,9,September,3,2021-Q3,Q3 2021,37,15,Wednesday,0,0
2021-09-16,2021,9,September,3,2021-Q3,Q3 2021,37,16,Thursday,0,0
2021-09-17,2021,9,September,3,2021-Q3,Q3 2021,37,17,Friday,0,0
2021-09-18,2021,9,September,3,2021-Q3,Q3 2021,37,18,Saturday,1,0
2021-09-19,2021,9,September,3,2021-Q3,Q3 2021,37,19,Sunday,1,0
2021-09-20,2021,9,September,3,2021-Q3,Q3 2021,38,20,Monday,0,0
2021-09-21,2021,9,September,3,2021-Q3,Q3 2021,38,21,Tuesday,0,0
2021-09-22,2021,9,September,3,2021-Q3,Q3 2021,38,22,Wednesday,0,0
2021-09-23,2021,9,September,3,2021-Q3,Q3 2021,38,23,Thursday,0,0
2021-09-24,2021,9,September,3,2021-Q3,Q3 2021,38,24,Friday,0,0
2021-09-25,2021,9,September,3,2021-Q3,Q3 2021,38,25,Saturday,1,0
2021-09-26,2021,9,September,3,2021-Q3,Q3 2021,38,26,Sunday,1,0
2021-09-27,2021,9,September,3,2021-Q3,Q3 2021,39,27,Monday,0,0
2021-09-28,2021,9,September,3,2021-Q3,Q3 2021,39,28,Tuesday,0,0
2021-09-29,2021,9,September,3,2021-Q3,Q3 2021,39,29,Wednesday,0,0
2021-09-30,2021,9,September,3,2021-Q3,Q3 2021,39,30,Thursday,0,0
2021-10-01,2021,10,October,4,2021-Q4,Q4 2021,39,1,Friday,0,0
2021-10-02,2021,10,October,4,2021-Q4,Q4 2021,39,2,Saturday,1,0
2021-10-03,2021,10,October,4,2021-Q4,Q4 2021,39,3,Sunday,1,0
2021-10-04,2021,10,October,4,2021-Q4,Q4 2021,40,4,Monday,0,0
2021-10-05,2021,10,October,4,2021-Q4,Q4 2021,40,5,Tuesday,0,0
2021-10-06,2021,10,October,4,2021-Q4,Q4 2021,40,6,Wednesday,0,0
2021-10-07,2021,10,October,4,2021-Q4,Q4 2021,40,7,Thursday,0,0
2021-10-08,2021,10,October,4,2021-Q4,Q4 2021,40,8,Friday,0,0
2021-10-09,2021,10,October,4,2021-Q4,Q4 2021,40,9,Saturday,1,0
2021-10-10,2021,10,October,4,2021-Q4,Q4 2021,40,10,Sunday,1,0
2021-10-11,2021,10,October,4,2021-Q4,Q4 2021,41,11,Monday,0,0
2021-10-12,2021,10,October,4,2021-Q4,Q4 2021,41,12,Tuesday,0,0
2021-10-13,2021,10,October,4,2021-Q4,Q4 2021,41,13,Wednesday,0,0
2021-10-14,2021,10,October,4,2021-Q4,Q4 2021,41,14,Thursday,0,0
2021-10-15,2021,10,October,4,2021-Q4,Q4 2021,41,15,Friday,0,0
2021-10-16,2021,10,October,4,2021-Q4,Q4 2021,41,16,Saturday,1,0
2021-10-17,2021,10,October,4,2021-Q4,Q4 2021,41,17,Sunday,1,0
2021-10-18,2021,10,October,4,2021-Q4,Q4 2021,42,18,Monday,0,0
2021-10-19,2021,10,October,4,2021-Q4,Q4 2021,42,19,Tuesday,0,0
2021-10-20,2021,10,October,4,2021-Q4,Q4 2021,42,20,Wednesday,0,0
2021-10-21,2021,10,October,4,2021-Q4,Q4 2021,42,21,Thursday,0,0
2021-10-22,2021,10,October,4,2021-Q4,Q4 2021,42,22,Friday,0,0
2021-10-23,2021,10,October,4,2021-Q4,Q4 2021,42,23,Saturday,1,0
2021-10-24,2021,10,October,4,2021-Q4,Q4 2021,42,24,Sunday,1,0
2021-10-25,2021,10,October,4,2021-Q4,Q4 2021,43,25,Monday,0,0
2021-10-26,2021,10,October,4,2021-Q4,Q4 2021,43,26,Tuesday,0,0
2021-10-27,2021,10,October,4,2021-Q4,Q4 2021,43,27,Wednesday,0,0
2021-10-28,2021,10,October,4,2021-Q4,Q4 2021,43,28,Thursday,0,0
2021-10-29,2021,10,October,4,2021-Q4,Q4 2021,43,29,Friday,0,0
2021-10-30,2021,10,October,4,2021-Q4,Q4 2021,43,30,Saturday,1,0
2021-10-31,2021,10,October,4,2021-Q4,Q4 2021,43,31,Sunday,1,0
2021-11-01,2021,11,November,4,2021-Q4,Q4 2021,44,1,Monday,0,0
2021-11-02,2021,11,November,4,2021-Q4,Q4 2021,44,2,Tuesday,0,0
2021-11-03,2021,11,November,4,2021-Q4,Q4 2021,44,3,Wednesday,0,0
2021-11-04,2021,11,November,4,2021-Q4,Q4 2021,44,4,Thursday,0,0
2021-11-05,2021,11,November,4,2021-Q4,Q4 2021,44,5,Friday,0,0
2021-11-06,2021,11,November,4,2021-Q4,Q4 2021,44,6,Saturday,1,0
2021-11-07,2021,11,November,4,2021-Q4,Q4 2021,44,7,Sunday,1,0
2021-11-08,2021,11,November,4,2021-Q4,Q4 2021,45,8,Monday,0,0
2021-11-09,2021,11,November,4,2021-Q4,Q4 2021,45,9,Tuesday,0,0
2021-11-10,2021,11,November,4,2021-Q4,Q4 2021,45,10,Wednesday,0,0
2021-11-11,2021,11,November,4,2021-Q4,Q4 2021,45,11,Thursday,0,0
2021-11-12,2021,11,November,4,2021-Q4,Q4 2021,45,12,Friday,0,0
2021-11-13,2021,11,November,4,2021-Q4,Q4 2021,45,13,Saturday,1,0
2021-11-14,2021,11,November,4,2021-Q4,Q4 2021,45,14,Sunday,1,0
2021-11-15,2021,11,November,4,2021-Q4,Q4 2021,46,15,Monday,0,0
2021-11-16,2021,11,November,4,2021-Q4,Q4 2021,46,16,Tuesday,0,0
2021-11-17,2021,11,November,4,2021-Q4,Q4 2021,46,17,Wednesday,0,0
2021-11-18,2021,11,November,4,2021-Q4,Q4 2021,46,18,Thursday,0,0
2021-11-19,2021,11,November,4,2021-Q4,Q4 2021,46,19,Friday,0,0
2021-11-20,2021,11,November,4,2021-Q4,Q4 2021,46,20,Saturday,1,0
2021-11-21,2021,11,November,4,2021-Q4,Q4 2021,46,21,Sunday,1,0
2021-11-22,2021,11,November,4,2021-Q4,Q4 2021,47,22,Monday,0,0
2021-11-23,2021,11,November,4,2021-Q4,Q4 2021,47,23,Tuesday,0,0
2021-11-24,2021,11,November,4,2021-Q4,Q4 2021,47,24,Wednesday,0,0
2021-11-25,2021,11,November,4,2021-Q4,Q4 2021,47,25,Thursday,0,0
2021-11-26,2021,11,November,4,2021-Q4,Q4 2021,47,26,Friday,0,0
2021-11-27,2021,11,November,4,2021-Q4,Q4 2021,47,27,Saturday,1,0
2021-11-28,2021,11,November,4,2021-Q4,Q4 2021,47,28,Sunday,1,0
2021-11-29,2021,11,November,4,2021-Q4,Q4 2021,48,29,Monday,0,0
2021-11-30,2021,11,November,4,2021-Q4,Q4 2021,48,30,Tuesday,0,0
2021-12-01,2021,12,December,4,2021-Q4,Q4 2021,48,1,Wednesday,0,0
2021-12-02,2021,12,December,4,2021-Q4,Q4 2021,48,2,Thursday,0,0
2021-12-03,2021,12,December,4,2021-Q4,Q4 2021,48,3,Friday,0,0
2021-12-04,2021,12,December,4,2021-Q4,Q4 2021,48,4,Saturday,1,0
2021-12-05,2021,12,December,4,2021-Q4,Q4 2021,48,5,Sunday,1,0
2021-12-06,2021,12,December,4,2021-Q4,Q4 2021,49,6,Monday,0,0
2021-12-07,2021,12,December,4,2021-Q4,Q4 2021,49,7,Tuesday,0,0
2021-12-08,2021,12,December,4,2021-Q4,Q4 2021,49,8,Wednesday,0,0
2021-12-09,2021,12,December,4,2021-Q4,Q4 2021,49,9,Thursday,0,0
2021-12-10,2021,12,December,4,2021-Q4,Q4 2021,49,10,Friday,0,0
2021-12-11,2021,12,December,4,2021-Q4,Q4 2021,49,11,Saturday,1,0
2021-12-12,2021,12,December,4,2021-Q4,Q4 2021,49,12,Sunday,1,0
2021-12-13,2021,12,December,4,2021-Q4,Q4 2021,50,13,Monday,0,0
2021-12-14,2021,12,December,4,2021-Q4,Q4 2021,50,14,Tuesday,0,0
2021-12-15,2021,12,December,4,2021-Q4,Q4 2021,50,15,Wednesday,0,1
2021-12-16,2021,12,December,4,2021-Q4,Q4 2021,50,16,Thursday,0,1
2021-12-17,2021,12,December,4,2021-Q4,Q4 2021,50,17,Friday,0,1
2021-12-18,2021,12,December,4,2021-Q4,Q4 2021,50,18,Saturday,1,1
2021-12-19,2021,12,December,4,2021-Q4,Q4 2021,50,19,Sunday,1,1
2021-12-20,2021,12,December,4,2021-Q4,Q4 2021,51,20,Monday,0,1
2021-12-21,2021,12,December,4,2021-Q4,Q4 2021,51,21,Tuesday,0,1
2021-12-22,2021,12,December,4,2021-Q4,Q4 2021,51,22,Wednesday,0,1
2021-12-23,2021,12,December,4,2021-Q4,Q4 2021,51,23,Thursday,0,1
2021-12-24,2021,12,December,4,2021-Q4,Q4 2021,51,24,Friday,0,1
2021-12-25,2021,12,December,4,2021-Q4,Q4 2021,51,25,Saturday,1,1
2021-12-26,2021,12,December,4,2021-Q4,Q4 2021,51,26,Sunday,1,1
2021-12-27,2021,12,December,4,2021-Q4,Q4 2021,52,27,Monday,0,1
2021-12-28,2021,12,December,4,2021-Q4,Q4 2021,52,28,Tuesday,0,1
2021-12-29,2021,12,December,4,2021-Q4,Q4 2021,52,29,Wednesday,0,1
2021-12-30,2021,12,December,4,2021-Q4,Q4 2021,52,30,Thursday,0,1
2021-12-31,2021,12,December,4,2021-Q4,Q4 2021,52,31,Friday,0,1
2022-01-01,2022,1,January,1,2022-Q1,Q1 2022,52,1,Saturday,1,0
2022-01-02,2022,1,January,1,2022-Q1,Q1 2022,52,2,Sunday,1,0
2022-01-03,2022,1,January,1,2022-Q1,Q1 2022,1,3,Monday,0,0
2022-01-04,2022,1,January,1,2022-Q1,Q1 2022,1,4,Tuesday,0,0
2022-01-05,2022,1,January,1,2022-Q1,Q1 2022,1,5,Wednesday,0,0
2022-01-06,2022,1,January,1,2022-Q1,Q1 2022,1,6,Thursday,0,0
2022-01-07,2022,1,January,1,2022-Q1,Q1 2022,1,7,Friday,0,0
2022-01-08,2022,1,January,1,2022-Q1,Q1 2022,1,8,Saturday,1,0
2022-01-09,2022,1,January,1,2022-Q1,Q1 2022,1,9,Sunday,1,0
2022-01-10,2022,1,January,1,2022-Q1,Q1 2022,2,10,Monday,0,0
2022-01-11,2022,1,January,1,2022-Q1,Q1 2022,2,11,Tuesday,0,0
2022-01-12,2022,1,January,1,2022-Q1,Q1 2022,2,12,Wednesday,0,0
2022-01-13,2022,1,January,1,2022-Q1,Q1 2022,2,13,Thursday,0,0
2022-01-14,2022,1,January,1,2022-Q1,Q1 2022,2,14,Friday,0,0
2022-01-15,2022,1,January,1,2022-Q1,Q1 2022,2,15,Saturday,1,0
2022-01-16,2022,1,January,1,2022-Q1,Q1 2022,2,16,Sunday,1,0
2022-01-17,2022,1,January,1,2022-Q1,Q1 2022,3,17,Monday,0,0
2022-01-18,2022,1,January,1,2022-Q1,Q1 2022,3,18,Tuesday,0,0
2022-01-19,2022,1,January,1,2022-Q1,Q1 2022,3,19,Wednesday,0,0
2022-01-20,2022,1,January,1,2022-Q1,Q1 2022,3,20,Thursday,0,0
2022-01-21,2022,1,January,1,2022-Q1,Q1 2022,3,21,Friday,0,0
2022-01-22,2022,1,January,1,2022-Q1,Q1 2022,3,22,Saturday,1,0
2022-01-23,2022,1,January,1,2022-Q1,Q1 2022,3,23,Sunday,1,0
2022-01-24,2022,1,January,1,2022-Q1,Q1 2022,4,24,Monday,0,0
2022-01-25,2022,1,January,1,2022-Q1,Q1 2022,4,25,Tuesday,0,0
2022-01-26,2022,1,January,1,2022-Q1,Q1 2022,4,26,Wednesday,0,0
2022-01-27,2022,1,January,1,2022-Q1,Q1 2022,4,27,Thursday,0,0
2022-01-28,2022,1,January,1,2022-Q1,Q1 2022,4,28,Friday,0,0
2022-01-29,2022,1,January,1,2022-Q1,Q1 2022,4,29,Saturday,1,0
2022-01-30,2022,1,January,1,2022-Q1,Q1 2022,4,30,Sunday,1,0
2022-01-31,2022,1,January,1,2022-Q1,Q1 2022,5,31,Monday,0,0
2022-02-01,2022,2,February,1,2022-Q1,Q1 2022,5,1,Tuesday,0,0
2022-02-02,2022,2,February,1,2022-Q1,Q1 2022,5,2,Wednesday,0,0
2022-02-03,2022,2,February,1,2022-Q1,Q1 2022,5,3,Thursday,0,0
2022-02-04,2022,2,February,1,2022-Q1,Q1 2022,5,4,Friday,0,0
2022-02-05,2022,2,February,1,2022-Q1,Q1 2022,5,5,Saturday,1,0
2022-02-06,2022,2,February,1,2022-Q1,Q1 2022,5,6,Sunday,1,0
2022-02-07,2022,2,February,1,2022-Q1,Q1 2022,6,7,Monday,0,0
2022-02-08,2022,2,February,1,2022-Q1,Q1 2022,6,8,Tuesday,0,0
2022-02-09,2022,2,February,1,2022-Q1,Q1 2022,6,9,Wednesday,0,0
2022-02-10,2022,2,February,1,2022-Q1,Q1 2022,6,10,Thursday,0,0
2022-02-11,2022,2,February,1,2022-Q1,Q1 2022,6,11,Friday,0,0
2022-02-12,2022,2,February,1,2022-Q1,Q1 2022,6,12,Saturday,1,0
2022-02-13,2022,2,February,1,2022-Q1,Q1 2022,6,13,Sunday,1,0
2022-02-14,2022,2,February,1,2022-Q1,Q1 2022,7,14,Monday,0,0
2022-02-15,2022,2,February,1,2022-Q1,Q1 2022,7,15,Tuesday,0,0
2022-02-16,2022,2,February,1,2022-Q1,Q1 2022,7,16,Wednesday,0,0
2022-02-17,2022,2,February,1,2022-Q1,Q1 2022,7,17,Thursday,0,0
2022-02-18,2022,2,February,1,2022-Q1,Q1 2022,7,18,Friday,0,0
2022-02-19,2022,2,February,1,2022-Q1,Q1 2022,7,19,Saturday,1,0
2022-02-20,2022,2,February,1,2022-Q1,Q1 2022,7,20,Sunday,1,0
2022-02-21,2022,2,February,1,2022-Q1,Q1 2022,8,21,Monday,0,0
2022-02-22,2022,2,February,1,2022-Q1,Q1 2022,8,22,Tuesday,0,0
2022-02-23,2022,2,February,1,2022-Q1,Q1 2022,8,23,Wednesday,0,0
2022-02-24,2022,2,February,1,2022-Q1,Q1 2022,8,24,Thursday,0,0
2022-02-25,2022,2,February,1,2022-Q1,Q1 2022,8,25,Friday,0,0
2022-02-26,2022,2,February,1,2022-Q1,Q1 2022,8,26,Saturday,1,0
2022-02-27,2022,2,February,1,2022-Q1,Q1 2022,8,27,Sunday,1,0
2022-02-28,2022,2,February,1,2022-Q1,Q1 2022,9,28,Monday,0,0
2022-03-01,2022,3,March,1,2022-Q1,Q1 2022,9,1,Tuesday,0,0
2022-03-02,2022,3,March,1,2022-Q1,Q1 2022,9,2,Wednesday,0,0
2022-03-03,2022,3,March,1,2022-Q1,Q1 2022,9,3,Thursday,0,0
2022-03-04,2022,3,March,1,2022-Q1,Q1 2022,9,4,Friday,0,0
2022-03-05,2022,3,March,1,2022-Q1,Q1 2022,9,5,Saturday,1,0
2022-03-06,2022,3,March,1,2022-Q1,Q1 2022,9,6,Sunday,1,0
2022-03-07,2022,3,March,1,2022-Q1,Q1 2022,10,7,Monday,0,0
2022-03-08,2022,3,March,1,2022-Q1,Q1 2022,10,8,Tuesday,0,0
2022-03-09,2022,3,March,1,2022-Q1,Q1 2022,10,9,Wednesday,0,0
2022-03-10,2022,3,March,1,2022-Q1,Q1 2022,10,10,Thursday,0,0
2022-03-11,2022,3,March,1,2022-Q1,Q1 2022,10,11,Friday,0,0
2022-03-12,2022,3,March,1,2022-Q1,Q1 2022,10,12,Saturday,1,0
2022-03-13,2022,3,March,1,2022-Q1,Q1 2022,10,13,Sunday,1,0
2022-03-14,2022,3,March,1,2022-Q1,Q1 2022,11,14,Monday,0,0
2022-03-15,2022,3,March,1,2022-Q1,Q1 2022,11,15,Tuesday,0,0
2022-03-16,2022,3,March,1,2022-Q1,Q1 2022,11,16,Wednesday,0,0
2022-03-17,2022,3,March,1,2022-Q1,Q1 2022,11,17,Thursday,0,0
2022-03-18,2022,3,March,1,2022-Q1,Q1 2022,11,18,Friday,0,0
2022-03-19,2022,3,March,1,2022-Q1,Q1 2022,11,19,Saturday,1,0
2022-03-20,2022,3,March,1,2022-Q1,Q1 2022,11,20,Sunday,1,0
2022-03-21,2022,3,March,1,2022-Q1,Q1 2022,12,21,Monday,0,0
2022-03-22,2022,3,March,1,2022-Q1,Q1 2022,12,22,Tuesday,0,0
2022-03-23,2022,3,March,1,2022-Q1,Q1 2022,12,23,Wednesday,0,0
2022-03-24,2022,3,March,1,2022-Q1,Q1 2022,12,24,Thursday,0,0
2022-03-25,2022,3,March,1,2022-Q1,Q1 2022,12,25,Friday,0,0
2022-03-26,2022,3,March,1,2022-Q1,Q1 2022,12,26,Saturday,1,0
2022-03-27,2022,3,March,1,2022-Q1,Q1 2022,12,27,Sunday,1,0
2022-03-28,2022,3,March,1,2022-Q1,Q1 2022,13,28,Monday,0,0
2022-03-29,2022,3,March,1,2022-Q1,Q1 2022,13,29,Tuesday,0,0
2022-03-30,2022,3,March,1,2022-Q1,Q1 2022,13,30,Wednesday,0,0
2022-03-31,2022,3,March,1,2022-Q1,Q1 2022,13,31,Thursday,0,0
2022-04-01,2022,4,April,2,2022-Q2,Q2 2022,13,1,Friday,0,0
2022-04-02,2022,4,April,2,2022-Q2,Q2 2022,13,2,Saturday,1,0
2022-04-03,2022,4,April,2,2022-Q2,Q2 2022,13,3,Sunday,1,0
2022-04-04,2022,4,April,2,2022-Q2,Q2 2022,14,4,Monday,0,0
2022-04-05,2022,4,April,2,2022-Q2,Q2 2022,14,5,Tuesday,0,0
2022-04-06,2022,4,April,2,2022-Q2,Q2 2022,14,6,Wednesday,0,0
2022-04-07,2022,4,April,2,2022-Q2,Q2 2022,14,7,Thursday,0,0
2022-04-08,2022,4,April,2,2022-Q2,Q2 2022,14,8,Friday,0,0
2022-04-09,2022,4,April,2,2022-Q2,Q2 2022,14,9,Saturday,1,0
2022-04-10,2022,4,April,2,2022-Q2,Q2 2022,14,10,Sunday,1,0
2022-04-11,2022,4,April,2,2022-Q2,Q2 2022,15,11,Monday,0,0
2022-04-12,2022,4,April,2,2022-Q2,Q2 2022,15,12,Tuesday,0,0
2022-04-13,2022,4,April,2,2022-Q2,Q2 2022,15,13,Wednesday,0,0
2022-04-14,2022,4,April,2,2022-Q2,Q2 2022,15,14,Thursday,0,0
2022-04-15,2022,4,April,2,2022-Q2,Q2 2022,15,15,Friday,0,0
2022-04-16,2022,4,April,2,2022-Q2,Q2 2022,15,16,Saturday,1,0
2022-04-17,2022,4,April,2,2022-Q2,Q2 2022,15,17,Sunday,1,0
2022-04-18,2022,4,April,2,2022-Q2,Q2 2022,16,18,Monday,0,0
2022-04-19,2022,4,April,2,2022-Q2,Q2 2022,16,19,Tuesday,0,0
2022-04-20,2022,4,April,2,2022-Q2,Q2 2022,16,20,Wednesday,0,0
2022-04-21,2022,4,April,2,2022-Q2,Q2 2022,16,21,Thursday,0,0
2022-04-22,2022,4,April,2,2022-Q2,Q2 2022,16,22,Friday,0,0
2022-04-23,2022,4,April,2,2022-Q2,Q2 2022,16,23,Saturday,1,0
2022-04-24,2022,4,April,2,2022-Q2,Q2 2022,16,24,Sunday,1,0
2022-04-25,2022,4,April,2,2022-Q2,Q2 2022,17,25,Monday,0,0
2022-04-26,2022,4,April,2,2022-Q2,Q2 2022,17,26,Tuesday,0,0
2022-04-27,2022,4,April,2,2022-Q2,Q2 2022,17,27,Wednesday,0,0
2022-04-28,2022,4,April,2,2022-Q2,Q2 2022,17,28,Thursday,0,0
2022-04-29,2022,4,April,2,2022-Q2,Q2 2022,17,29,Friday,0,0
2022-04-30,2022,4,April,2,2022-Q2,Q2 2022,17,30,Saturday,1,0
2022-05-01,2022,5,May,2,2022-Q2,Q2 2022,17,1,Sunday,1,0
2022-05-02,2022,5,May,2,2022-Q2,Q2 2022,18,2,Monday,0,0
2022-05-03,2022,5,May,2,2022-Q2,Q2 2022,18,3,Tuesday,0,0
2022-05-04,2022,5,May,2,2022-Q2,Q2 2022,18,4,Wednesday,0,0
2022-05-05,2022,5,May,2,2022-Q2,Q2 2022,18,5,Thursday,0,0
2022-05-06,2022,5,May,2,2022-Q2,Q2 2022,18,6,Friday,0,0
2022-05-07,2022,5,May,2,2022-Q2,Q2 2022,18,7,Saturday,1,0
2022-05-08,2022,5,May,2,2022-Q2,Q2 2022,18,8,Sunday,1,0
2022-05-09,2022,5,May,2,2022-Q2,Q2 2022,19,9,Monday,0,0
2022-05-10,2022,5,May,2,2022-Q2,Q2 2022,19,10,Tuesday,0,0
2022-05-11,2022,5,May,2,2022-Q2,Q2 2022,19,11,Wednesday,0,0
2022-05-12,2022,5,May,2,2022-Q2,Q2 2022,19,12,Thursday,0,0
2022-05-13,2022,5,May,2,2022-Q2,Q2 2022,19,13,Friday,0,0
2022-05-14,2022,5,May,2,2022-Q2,Q2 2022,19,14,Saturday,1,0
2022-05-15,2022,5,May,2,2022-Q2,Q2 2022,19,15,Sunday,1,0
2022-05-16,2022,5,May,2,2022-Q2,Q2 2022,20,16,Monday,0,0
2022-05-17,2022,5,May,2,2022-Q2,Q2 2022,20,17,Tuesday,0,0
2022-05-18,2022,5,May,2,2022-Q2,Q2 2022,20,18,Wednesday,0,0
2022-05-19,2022,5,May,2,2022-Q2,Q2 2022,20,19,Thursday,0,0
2022-05-20,2022,5,May,2,2022-Q2,Q2 2022,20,20,Friday,0,0
2022-05-21,2022,5,May,2,2022-Q2,Q2 2022,20,21,Saturday,1,0
2022-05-22,2022,5,May,2,2022-Q2,Q2 2022,20,22,Sunday,1,0
2022-05-23,2022,5,May,2,2022-Q2,Q2 2022,21,23,Monday,0,0
2022-05-24,2022,5,May,2,2022-Q2,Q2 2022,21,24,Tuesday,0,0
2022-05-25,2022,5,May,2,2022-Q2,Q2 2022,21,25,Wednesday,0,0
2022-05-26,2022,5,May,2,2022-Q2,Q2 2022,21,26,Thursday,0,0
2022-05-27,2022,5,May,2,2022-Q2,Q2 2022,21,27,Friday,0,0
2022-05-28,2022,5,May,2,2022-Q2,Q2 2022,21,28,Saturday,1,0
2022-05-29,2022,5,May,2,2022-Q2,Q2 2022,21,29,Sunday,1,0
2022-05-30,2022,5,May,2,2022-Q2,Q2 2022,22,30,Monday,0,0
2022-05-31,2022,5,May,2,2022-Q2,Q2 2022,22,31,Tuesday,0,0
2022-06-01,2022,6,June,2,2022-Q2,Q2 2022,22,1,Wednesday,0,0
2022-06-02,2022,6,June,2,2022-Q2,Q2 2022,22,2,Thursday,0,0
2022-06-03,2022,6,June,2,2022-Q2,Q2 2022,22,3,Friday,0,0
2022-06-04,2022,6,June,2,2022-Q2,Q2 2022,22,4,Saturday,1,0
2022-06-05,2022,6,June,2,2022-Q2,Q2 2022,22,5,Sunday,1,0
2022-06-06,2022,6,June,2,2022-Q2,Q2 2022,23,6,Monday,0,0
2022-06-07,2022,6,June,2,2022-Q2,Q2 2022,23,7,Tuesday,0,0
2022-06-08,2022,6,June,2,2022-Q2,Q2 2022,23,8,Wednesday,0,0
2022-06-09,2022,6,June,2,2022-Q2,Q2 2022,23,9,Thursday,0,0
2022-06-10,2022,6,June,2,2022-Q2,Q2 2022,23,10,Friday,0,0
2022-06-11,2022,6,June,2,2022-Q2,Q2 2022,23,11,Saturday,1,0
2022-06-12,2022,6,June,2,2022-Q2,Q2 2022,23,12,Sunday,1,0
2022-06-13,2022,6,June,2,2022-Q2,Q2 2022,24,13,Monday,0,0
2022-06-14,2022,6,June,2,2022-Q2,Q2 2022,24,14,Tuesday,0,0
2022-06-15,2022,6,June,2,2022-Q2,Q2 2022,24,15,Wednesday,0,0
2022-06-16,2022,6,June,2,2022-Q2,Q2 2022,24,16,Thursday,0,0
2022-06-17,2022,6,June,2,2022-Q2,Q2 2022,24,17,Friday,0,0
2022-06-18,2022,6,June,2,2022-Q2,Q2 2022,24,18,Saturday,1,0
2022-06-19,2022,6,June,2,2022-Q2,Q2 2022,24,19,Sunday,1,0
2022-06-20,2022,6,June,2,2022-Q2,Q2 2022,25,20,Monday,0,0
2022-06-21,2022,6,June,2,2022-Q2,Q2 2022,25,21,Tuesday,0,0
2022-06-22,2022,6,June,2,2022-Q2,Q2 2022,25,22,Wednesday,0,0
2022-06-23,2022,6,June,2,2022-Q2,Q2 2022,25,23,Thursday,0,0
2022-06-24,2022,6,June,2,2022-Q2,Q2 2022,25,24,Friday,0,0
2022-06-25,2022,6,June,2,2022-Q2,Q2 2022,25,25,Saturday,1,0
2022-06-26,2022,6,June,2,2022-Q2,Q2 2022,25,26,Sunday,1,0
2022-06-27,2022,6,June,2,2022-Q2,Q2 2022,26,27,Monday,0,0
2022-06-28,2022,6,June,2,2022-Q2,Q2 2022,26,28,Tuesday,0,0
2022-06-29,2022,6,June,2,2022-Q2,Q2 2022,26,29,Wednesday,0,0
2022-06-30,2022,6,June,2,2022-Q2,Q2 2022,26,30,Thursday,0,0
2022-07-01,2022,7,July,3,2022-Q3,Q3 2022,26,1,Friday,0,0
2022-07-02,2022,7,July,3,2022-Q3,Q3 2022,26,2,Saturday,1,0
2022-07-03,2022,7,July,3,2022-Q3,Q3 2022,26,3,Sunday,1,0
2022-07-04,2022,7,July,3,2022-Q3,Q3 2022,27,4,Monday,0,0
2022-07-05,2022,7,July,3,2022-Q3,Q3 2022,27,5,Tuesday,0,0
2022-07-06,2022,7,July,3,2022-Q3,Q3 2022,27,6,Wednesday,0,0
2022-07-07,2022,7,July,3,2022-Q3,Q3 2022,27,7,Thursday,0,0
2022-07-08,2022,7,July,3,2022-Q3,Q3 2022,27,8,Friday,0,0
2022-07-09,2022,7,July,3,2022-Q3,Q3 2022,27,9,Saturday,1,0
2022-07-10,2022,7,July,3,2022-Q3,Q3 2022,27,10,Sunday,1,0
2022-07-11,2022,7,July,3,2022-Q3,Q3 2022,28,11,Monday,0,0
2022-07-12,2022,7,July,3,2022-Q3,Q3 2022,28,12,Tuesday,0,0
2022-07-13,2022,7,July,3,2022-Q3,Q3 2022,28,13,Wednesday,0,0
2022-07-14,2022,7,July,3,2022-Q3,Q3 2022,28,14,Thursday,0,0
2022-07-15,2022,7,July,3,2022-Q3,Q3 2022,28,15,Friday,0,0
2022-07-16,2022,7,July,3,2022-Q3,Q3 2022,28,16,Saturday,1,0
2022-07-17,2022,7,July,3,2022-Q3,Q3 2022,28,17,Sunday,1,0
2022-07-18,2022,7,July,3,2022-Q3,Q3 2022,29,18,Monday,0,0
2022-07-19,2022,7,July,3,2022-Q3,Q3 2022,29,19,Tuesday,0,0
2022-07-20,2022,7,July,3,2022-Q3,Q3 2022,29,20,Wednesday,0,0
2022-07-21,2022,7,July,3,2022-Q3,Q3 2022,29,21,Thursday,0,0
2022-07-22,2022,7,July,3,2022-Q3,Q3 2022,29,22,Friday,0,0
2022-07-23,2022,7,July,3,2022-Q3,Q3 2022,29,23,Saturday,1,0
2022-07-24,2022,7,July,3,2022-Q3,Q3 2022,29,24,Sunday,1,0
2022-07-25,2022,7,July,3,2022-Q3,Q3 2022,30,25,Monday,0,0
2022-07-26,2022,7,July,3,2022-Q3,Q3 2022,30,26,Tuesday,0,0
2022-07-27,2022,7,July,3,2022-Q3,Q3 2022,30,27,Wednesday,0,0
2022-07-28,2022,7,July,3,2022-Q3,Q3 2022,30,28,Thursday,0,0
2022-07-29,2022,7,July,3,2022-Q3,Q3 2022,30,29,Friday,0,0
2022-07-30,2022,7,July,3,2022-Q3,Q3 2022,30,30,Saturday,1,0
2022-07-31,2022,7,July,3,2022-Q3,Q3 2022,30,31,Sunday,1,0
2022-08-01,2022,8,August,3,2022-Q3,Q3 2022,31,1,Monday,0,0
2022-08-02,2022,8,August,3,2022-Q3,Q3 2022,31,2,Tuesday,0,0
2022-08-03,2022,8,August,3,2022-Q3,Q3 2022,31,3,Wednesday,0,0
2022-08-04,2022,8,August,3,2022-Q3,Q3 2022,31,4,Thursday,0,0
2022-08-05,2022,8,August,3,2022-Q3,Q3 2022,31,5,Friday,0,0
2022-08-06,2022,8,August,3,2022-Q3,Q3 2022,31,6,Saturday,1,0
2022-08-07,2022,8,August,3,2022-Q3,Q3 2022,31,7,Sunday,1,0
2022-08-08,2022,8,August,3,2022-Q3,Q3 2022,32,8,Monday,0,0
2022-08-09,2022,8,August,3,2022-Q3,Q3 2022,32,9,Tuesday,0,0
2022-08-10,2022,8,August,3,2022-Q3,Q3 2022,32,10,Wednesday,0,0
2022-08-11,2022,8,August,3,2022-Q3,Q3 2022,32,11,Thursday,0,0
2022-08-12,2022,8,August,3,2022-Q3,Q3 2022,32,12,Friday,0,0
2022-08-13,2022,8,August,3,2022-Q3,Q3 2022,32,13,Saturday,1,0
2022-08-14,2022,8,August,3,2022-Q3,Q3 2022,32,14,Sunday,1,0
2022-08-15,2022,8,August,3,2022-Q3,Q3 2022,33,15,Monday,0,0
2022-08-16,2022,8,August,3,2022-Q3,Q3 2022,33,16,Tuesday,0,0
2022-08-17,2022,8,August,3,2022-Q3,Q3 2022,33,17,Wednesday,0,0
2022-08-18,2022,8,August,3,2022-Q3,Q3 2022,33,18,Thursday,0,0
2022-08-19,2022,8,August,3,2022-Q3,Q3 2022,33,19,Friday,0,0
2022-08-20,2022,8,August,3,2022-Q3,Q3 2022,33,20,Saturday,1,0
2022-08-21,2022,8,August,3,2022-Q3,Q3 2022,33,21,Sunday,1,0
2022-08-22,2022,8,August,3,2022-Q3,Q3 2022,34,22,Monday,0,0
2022-08-23,2022,8,August,3,2022-Q3,Q3 2022,34,23,Tuesday,0,0
2022-08-24,2022,8,August,3,2022-Q3,Q3 2022,34,24,Wednesday,0,0
2022-08-25,2022,8,August,3,2022-Q3,Q3 2022,34,25,Thursday,0,0
2022-08-26,2022,8,August,3,2022-Q3,Q3 2022,34,26,Friday,0,0
2022-08-27,2022,8,August,3,2022-Q3,Q3 2022,34,27,Saturday,1,0
2022-08-28,2022,8,August,3,2022-Q3,Q3 2022,34,28,Sunday,1,0
2022-08-29,2022,8,August,3,2022-Q3,Q3 2022,35,29,Monday,0,0
2022-08-30,2022,8,August,3,2022-Q3,Q3 2022,35,30,Tuesday,0,0
2022-08-31,2022,8,August,3,2022-Q3,Q3 2022,35,31,Wednesday,0,0
2022-09-01,2022,9,September,3,2022-Q3,Q3 2022,35,1,Thursday,0,0
2022-09-02,2022,9,September,3,2022-Q3,Q3 2022,35,2,Friday,0,0
2022-09-03,2022,9,September,3,2022-Q3,Q3 2022,35,3,Saturday,1,0
2022-09-04,2022,9,September,3,2022-Q3,Q3 2022,35,4,Sunday,1,0
2022-09-05,2022,9,September,3,2022-Q3,Q3 2022,36,5,Monday,0,0
2022-09-06,2022,9,September,3,2022-Q3,Q3 2022,36,6,Tuesday,0,0
2022-09-07,2022,9,September,3,2022-Q3,Q3 2022,36,7,Wednesday,0,0
2022-09-08,2022,9,September,3,2022-Q3,Q3 2022,36,8,Thursday,0,0
2022-09-09,2022,9,September,3,2022-Q3,Q3 2022,36,9,Friday,0,0
2022-09-10,2022,9,September,3,2022-Q3,Q3 2022,36,10,Saturday,1,0
2022-09-11,2022,9,September,3,2022-Q3,Q3 2022,36,11,Sunday,1,0
2022-09-12,2022,9,September,3,2022-Q3,Q3 2022,37,12,Monday,0,0
2022-09-13,2022,9,September,3,2022-Q3,Q3 2022,37,13,Tuesday,0,0
2022-09-14,2022,9,September,3,2022-Q3,Q3 2022,37,14,Wednesday,0,0
2022-09-15,2022,9,September,3,2022-Q3,Q3 2022,37,15,Thursday,0,0
2022-09-16,2022,9,September,3,2022-Q3,Q3 2022,37,16,Friday,0,0
2022-09-17,2022,9,September,3,2022-Q3,Q3 2022,37,17,Saturday,1,0
2022-09-18,2022,9,September,3,2022-Q3,Q3 2022,37,18,Sunday,1,0
2022-09-19,2022,9,September,3,2022-Q3,Q3 2022,38,19,Monday,0,0
2022-09-20,2022,9,September,3,2022-Q3,Q3 2022,38,20,Tuesday,0,0
2022-09-21,2022,9,September,3,2022-Q3,Q3 2022,38,21,Wednesday,0,0
2022-09-22,2022,9,September,3,2022-Q3,Q3 2022,38,22,Thursday,0,0
2022-09-23,2022,9,September,3,2022-Q3,Q3 2022,38,23,Friday,0,0
2022-09-24,2022,9,September,3,2022-Q3,Q3 2022,38,24,Saturday,1,0
2022-09-25,2022,9,September,3,2022-Q3,Q3 2022,38,25,Sunday,1,0
2022-09-26,2022,9,September,3,2022-Q3,Q3 2022,39,26,Monday,0,0
2022-09-27,2022,9,September,3,2022-Q3,Q3 2022,39,27,Tuesday,0,0
2022-09-28,2022,9,September,3,2022-Q3,Q3 2022,39,28,Wednesday,0,0
2022-09-29,2022,9,September,3,2022-Q3,Q3 2022,39,29,Thursday,0,0
2022-09-30,2022,9,September,3,2022-Q3,Q3 2022,39,30,Friday,0,0
2022-10-01,2022,10,October,4,2022-Q4,Q4 2022,39,1,Saturday,1,0
2022-10-02,2022,10,October,4,2022-Q4,Q4 2022,39,2,Sunday,1,0
2022-10-03,2022,10,October,4,2022-Q4,Q4 2022,40,3,Monday,0,0
2022-10-04,2022,10,October,4,2022-Q4,Q4 2022,40,4,Tuesday,0,0
2022-10-05,2022,10,October,4,2022-Q4,Q4 2022,40,5,Wednesday,0,0
2022-10-06,2022,10,October,4,2022-Q4,Q4 2022,40,6,Thursday,0,0
2022-10-07,2022,10,October,4,2022-Q4,Q4 2022,40,7,Friday,0,0
2022-10-08,2022,10,October,4,2022-Q4,Q4 2022,40,8,Saturday,1,0
2022-10-09,2022,10,October,4,2022-Q4,Q4 2022,40,9,Sunday,1,0
2022-10-10,2022,10,October,4,2022-Q4,Q4 2022,41,10,Monday,0,0
2022-10-11,2022,10,October,4,2022-Q4,Q4 2022,41,11,Tuesday,0,0
2022-10-12,2022,10,October,4,2022-Q4,Q4 2022,41,12,Wednesday,0,0
2022-10-13,2022,10,October,4,2022-Q4,Q4 2022,41,13,Thursday,0,0
2022-10-14,2022,10,October,4,2022-Q4,Q4 2022,41,14,Friday,0,0
2022-10-15,2022,10,October,4,2022-Q4,Q4 2022,41,15,Saturday,1,0
2022-10-16,2022,10,October,4,2022-Q4,Q4 2022,41,16,Sunday,1,0
2022-10-17,2022,10,October,4,2022-Q4,Q4 2022,42,17,Monday,0,0
2022-10-18,2022,10,October,4,2022-Q4,Q4 2022,42,18,Tuesday,0,0
2022-10-19,2022,10,October,4,2022-Q4,Q4 2022,42,19,Wednesday,0,0
2022-10-20,2022,10,October,4,2022-Q4,Q4 2022,42,20,Thursday,0,0
2022-10-21,2022,10,October,4,2022-Q4,Q4 2022,42,21,Friday,0,0
2022-10-22,2022,10,October,4,2022-Q4,Q4 2022,42,22,Saturday,1,0
2022-10-23,2022,10,October,4,2022-Q4,Q4 2022,42,23,Sunday,1,0
2022-10-24,2022,10,October,4,2022-Q4,Q4 2022,43,24,Monday,0,0
2022-10-25,2022,10,October,4,2022-Q4,Q4 2022,43,25,Tuesday,0,0
2022-10-26,2022,10,October,4,2022-Q4,Q4 2022,43,26,Wednesday,0,0
2022-10-27,2022,10,October,4,2022-Q4,Q4 2022,43,27,Thursday,0,0
2022-10-28,2022,10,October,4,2022-Q4,Q4 2022,43,28,Friday,0,0
2022-10-29,2022,10,October,4,2022-Q4,Q4 2022,43,29,Saturday,1,0
2022-10-30,2022,10,October,4,2022-Q4,Q4 2022,43,30,Sunday,1,0
2022-10-31,2022,10,October,4,2022-Q4,Q4 2022,44,31,Monday,0,0
2022-11-01,2022,11,November,4,2022-Q4,Q4 2022,44,1,Tuesday,0,0
2022-11-02,2022,11,November,4,2022-Q4,Q4 2022,44,2,Wednesday,0,0
2022-11-03,2022,11,November,4,2022-Q4,Q4 2022,44,3,Thursday,0,0
2022-11-04,2022,11,November,4,2022-Q4,Q4 2022,44,4,Friday,0,0
2022-11-05,2022,11,November,4,2022-Q4,Q4 2022,44,5,Saturday,1,0
2022-11-06,2022,11,November,4,2022-Q4,Q4 2022,44,6,Sunday,1,0
2022-11-07,2022,11,November,4,2022-Q4,Q4 2022,45,7,Monday,0,0
2022-11-08,2022,11,November,4,2022-Q4,Q4 2022,45,8,Tuesday,0,0
2022-11-09,2022,11,November,4,2022-Q4,Q4 2022,45,9,Wednesday,0,0
2022-11-10,2022,11,November,4,2022-Q4,Q4 2022,45,10,Thursday,0,0
2022-11-11,2022,11,November,4,2022-Q4,Q4 2022,45,11,Friday,0,0
2022-11-12,2022,11,November,4,2022-Q4,Q4 2022,45,12,Saturday,1,0
2022-11-13,2022,11,November,4,2022-Q4,Q4 2022,45,13,Sunday,1,0
2022-11-14,2022,11,November,4,2022-Q4,Q4 2022,46,14,Monday,0,0
2022-11-15,2022,11,November,4,2022-Q4,Q4 2022,46,15,Tuesday,0,0
2022-11-16,2022,11,November,4,2022-Q4,Q4 2022,46,16,Wednesday,0,0
2022-11-17,2022,11,November,4,2022-Q4,Q4 2022,46,17,Thursday,0,0
2022-11-18,2022,11,November,4,2022-Q4,Q4 2022,46,18,Friday,0,0
2022-11-19,2022,11,November,4,2022-Q4,Q4 2022,46,19,Saturday,1,0
2022-11-20,2022,11,November,4,2022-Q4,Q4 2022,46,20,Sunday,1,0
2022-11-21,2022,11,November,4,2022-Q4,Q4 2022,47,21,Monday,0,0
2022-11-22,2022,11,November,4,2022-Q4,Q4 2022,47,22,Tuesday,0,0
2022-11-23,2022,11,November,4,2022-Q4,Q4 2022,47,23,Wednesday,0,0
2022-11-24,2022,11,November,4,2022-Q4,Q4 2022,47,24,Thursday,0,0
2022-11-25,2022,11,November,4,2022-Q4,Q4 2022,47,25,Friday,0,0
2022-11-26,2022,11,November,4,2022-Q4,Q4 2022,47,26,Saturday,1,0
2022-11-27,2022,11,November,4,2022-Q4,Q4 2022,47,27,Sunday,1,0
2022-11-28,2022,11,November,4,2022-Q4,Q4 2022,48,28,Monday,0,0
2022-11-29,2022,11,November,4,2022-Q4,Q4 2022,48,29,Tuesday,0,0
2022-11-30,2022,11,November,4,2022-Q4,Q4 2022,48,30,Wednesday,0,0
2022-12-01,2022,12,December,4,2022-Q4,Q4 2022,48,1,Thursday,0,0
2022-12-02,2022,12,December,4,2022-Q4,Q4 2022,48,2,Friday,0,0
2022-12-03,2022,12,December,4,2022-Q4,Q4 2022,48,3,Saturday,1,0
2022-12-04,2022,12,December,4,2022-Q4,Q4 2022,48,4,Sunday,1,0
2022-12-05,2022,12,December,4,2022-Q4,Q4 2022,49,5,Monday,0,0
2022-12-06,2022,12,December,4,2022-Q4,Q4 2022,49,6,Tuesday,0,0
2022-12-07,2022,12,December,4,2022-Q4,Q4 2022,49,7,Wednesday,0,0
2022-12-08,2022,12,December,4,2022-Q4,Q4 2022,49,8,Thursday,0,0
2022-12-09,2022,12,December,4,2022-Q4,Q4 2022,49,9,Friday,0,0
2022-12-10,2022,12,December,4,2022-Q4,Q4 2022,49,10,Saturday,1,0
2022-12-11,2022,12,December,4,2022-Q4,Q4 2022,49,11,Sunday,1,0
2022-12-12,2022,12,December,4,2022-Q4,Q4 2022,50,12,Monday,0,0
2022-12-13,2022,12,December,4,2022-Q4,Q4 2022,50,13,Tuesday,0,0
2022-12-14,2022,12,December,4,2022-Q4,Q4 2022,50,14,Wednesday,0,0
2022-12-15,2022,12,December,4,2022-Q4,Q4 2022,50,15,Thursday,0,1
2022-12-16,2022,12,December,4,2022-Q4,Q4 2022,50,16,Friday,0,1
2022-12-17,2022,12,December,4,2022-Q4,Q4 2022,50,17,Saturday,1,1
2022-12-18,2022,12,December,4,2022-Q4,Q4 2022,50,18,Sunday,1,1
2022-12-19,2022,12,December,4,2022-Q4,Q4 2022,51,19,Monday,0,1
2022-12-20,2022,12,December,4,2022-Q4,Q4 2022,51,20,Tuesday,0,1
2022-12-21,2022,12,December,4,2022-Q4,Q4 2022,51,21,Wednesday,0,1
2022-12-22,2022,12,December,4,2022-Q4,Q4 2022,51,22,Thursday,0,1
2022-12-23,2022,12,December,4,2022-Q4,Q4 2022,51,23,Friday,0,1
2022-12-24,2022,12,December,4,2022-Q4,Q4 2022,51,24,Saturday,1,1
2022-12-25,2022,12,December,4,2022-Q4,Q4 2022,51,25,Sunday,1,1
2022-12-26,2022,12,December,4,2022-Q4,Q4 2022,52,26,Monday,0,1
2022-12-27,2022,12,December,4,2022-Q4,Q4 2022,52,27,Tuesday,0,1
2022-12-28,2022,12,December,4,2022-Q4,Q4 2022,52,28,Wednesday,0,1
2022-12-29,2022,12,December,4,2022-Q4,Q4 2022,52,29,Thursday,0,1
2022-12-30,2022,12,December,4,2022-Q4,Q4 2022,52,30,Friday,0,1
2022-12-31,2022,12,December,4,2022-Q4,Q4 2022,52,31,Saturday,1,1
2023-01-01,2023,1,January,1,2023-Q1,Q1 2023,52,1,Sunday,1,0
2023-01-02,2023,1,January,1,2023-Q1,Q1 2023,1,2,Monday,0,0
2023-01-03,2023,1,January,1,2023-Q1,Q1 2023,1,3,Tuesday,0,0
2023-01-04,2023,1,January,1,2023-Q1,Q1 2023,1,4,Wednesday,0,0
2023-01-05,2023,1,January,1,2023-Q1,Q1 2023,1,5,Thursday,0,0
2023-01-06,2023,1,January,1,2023-Q1,Q1 2023,1,6,Friday,0,0
2023-01-07,2023,1,January,1,2023-Q1,Q1 2023,1,7,Saturday,1,0
2023-01-08,2023,1,January,1,2023-Q1,Q1 2023,1,8,Sunday,1,0
2023-01-09,2023,1,January,1,2023-Q1,Q1 2023,2,9,Monday,0,0
2023-01-10,2023,1,January,1,2023-Q1,Q1 2023,2,10,Tuesday,0,0
2023-01-11,2023,1,January,1,2023-Q1,Q1 2023,2,11,Wednesday,0,0
2023-01-12,2023,1,January,1,2023-Q1,Q1 2023,2,12,Thursday,0,0
2023-01-13,2023,1,January,1,2023-Q1,Q1 2023,2,13,Friday,0,0
2023-01-14,2023,1,January,1,2023-Q1,Q1 2023,2,14,Saturday,1,0
2023-01-15,2023,1,January,1,2023-Q1,Q1 2023,2,15,Sunday,1,0
2023-01-16,2023,1,January,1,2023-Q1,Q1 2023,3,16,Monday,0,0
2023-01-17,2023,1,January,1,2023-Q1,Q1 2023,3,17,Tuesday,0,0
2023-01-18,2023,1,January,1,2023-Q1,Q1 2023,3,18,Wednesday,0,0
2023-01-19,2023,1,January,1,2023-Q1,Q1 2023,3,19,Thursday,0,0
2023-01-20,2023,1,January,1,2023-Q1,Q1 2023,3,20,Friday,0,0
2023-01-21,2023,1,January,1,2023-Q1,Q1 2023,3,21,Saturday,1,0
2023-01-22,2023,1,January,1,2023-Q1,Q1 2023,3,22,Sunday,1,0
2023-01-23,2023,1,January,1,2023-Q1,Q1 2023,4,23,Monday,0,0
2023-01-24,2023,1,January,1,2023-Q1,Q1 2023,4,24,Tuesday,0,0
2023-01-25,2023,1,January,1,2023-Q1,Q1 2023,4,25,Wednesday,0,0
2023-01-26,2023,1,January,1,2023-Q1,Q1 2023,4,26,Thursday,0,0
2023-01-27,2023,1,January,1,2023-Q1,Q1 2023,4,27,Friday,0,0
2023-01-28,2023,1,January,1,2023-Q1,Q1 2023,4,28,Saturday,1,0
2023-01-29,2023,1,January,1,2023-Q1,Q1 2023,4,29,Sunday,1,0
2023-01-30,2023,1,January,1,2023-Q1,Q1 2023,5,30,Monday,0,0
2023-01-31,2023,1,January,1,2023-Q1,Q1 2023,5,31,Tuesday,0,0
2023-02-01,2023,2,February,1,2023-Q1,Q1 2023,5,1,Wednesday,0,0
2023-02-02,2023,2,February,1,2023-Q1,Q1 2023,5,2,Thursday,0,0
2023-02-03,2023,2,February,1,2023-Q1,Q1 2023,5,3,Friday,0,0
2023-02-04,2023,2,February,1,2023-Q1,Q1 2023,5,4,Saturday,1,0
2023-02-05,2023,2,February,1,2023-Q1,Q1 2023,5,5,Sunday,1,0
2023-02-06,2023,2,February,1,2023-Q1,Q1 2023,6,6,Monday,0,0
2023-02-07,2023,2,February,1,2023-Q1,Q1 2023,6,7,Tuesday,0,0
2023-02-08,2023,2,February,1,2023-Q1,Q1 2023,6,8,Wednesday,0,0
2023-02-09,2023,2,February,1,2023-Q1,Q1 2023,6,9,Thursday,0,0
2023-02-10,2023,2,February,1,2023-Q1,Q1 2023,6,10,Friday,0,0
2023-02-11,2023,2,February,1,2023-Q1,Q1 2023,6,11,Saturday,1,0
2023-02-12,2023,2,February,1,2023-Q1,Q1 2023,6,12,Sunday,1,0
2023-02-13,2023,2,February,1,2023-Q1,Q1 2023,7,13,Monday,0,0
2023-02-14,2023,2,February,1,2023-Q1,Q1 2023,7,14,Tuesday,0,0
2023-02-15,2023,2,February,1,2023-Q1,Q1 2023,7,15,Wednesday,0,0
2023-02-16,2023,2,February,1,2023-Q1,Q1 2023,7,16,Thursday,0,0
2023-02-17,2023,2,February,1,2023-Q1,Q1 2023,7,17,Friday,0,0
2023-02-18,2023,2,February,1,2023-Q1,Q1 2023,7,18,Saturday,1,0
2023-02-19,2023,2,February,1,2023-Q1,Q1 2023,7,19,Sunday,1,0
2023-02-20,2023,2,February,1,2023-Q1,Q1 2023,8,20,Monday,0,0
2023-02-21,2023,2,February,1,2023-Q1,Q1 2023,8,21,Tuesday,0,0
2023-02-22,2023,2,February,1,2023-Q1,Q1 2023,8,22,Wednesday,0,0
2023-02-23,2023,2,February,1,2023-Q1,Q1 2023,8,23,Thursday,0,0
2023-02-24,2023,2,February,1,2023-Q1,Q1 2023,8,24,Friday,0,0
2023-02-25,2023,2,February,1,2023-Q1,Q1 2023,8,25,Saturday,1,0
2023-02-26,2023,2,February,1,2023-Q1,Q1 2023,8,26,Sunday,1,0
2023-02-27,2023,2,February,1,2023-Q1,Q1 2023,9,27,Monday,0,0
2023-02-28,2023,2,February,1,2023-Q1,Q1 2023,9,28,Tuesday,0,0
2023-03-01,2023,3,March,1,2023-Q1,Q1 2023,9,1,Wednesday,0,0
2023-03-02,2023,3,March,1,2023-Q1,Q1 2023,9,2,Thursday,0,0
2023-03-03,2023,3,March,1,2023-Q1,Q1 2023,9,3,Friday,0,0
2023-03-04,2023,3,March,1,2023-Q1,Q1 2023,9,4,Saturday,1,0
2023-03-05,2023,3,March,1,2023-Q1,Q1 2023,9,5,Sunday,1,0
2023-03-06,2023,3,March,1,2023-Q1,Q1 2023,10,6,Monday,0,0
2023-03-07,2023,3,March,1,2023-Q1,Q1 2023,10,7,Tuesday,0,0
2023-03-08,2023,3,March,1,2023-Q1,Q1 2023,10,8,Wednesday,0,0
2023-03-09,2023,3,March,1,2023-Q1,Q1 2023,10,9,Thursday,0,0
2023-03-10,2023,3,March,1,2023-Q1,Q1 2023,10,10,Friday,0,0
2023-03-11,2023,3,March,1,2023-Q1,Q1 2023,10,11,Saturday,1,0
2023-03-12,2023,3,March,1,2023-Q1,Q1 2023,10,12,Sunday,1,0
2023-03-13,2023,3,March,1,2023-Q1,Q1 2023,11,13,Monday,0,0
2023-03-14,2023,3,March,1,2023-Q1,Q1 2023,11,14,Tuesday,0,0
2023-03-15,2023,3,March,1,2023-Q1,Q1 2023,11,15,Wednesday,0,0
2023-03-16,2023,3,March,1,2023-Q1,Q1 2023,11,16,Thursday,0,0
2023-03-17,2023,3,March,1,2023-Q1,Q1 2023,11,17,Friday,0,0
2023-03-18,2023,3,March,1,2023-Q1,Q1 2023,11,18,Saturday,1,0
2023-03-19,2023,3,March,1,2023-Q1,Q1 2023,11,19,Sunday,1,0
2023-03-20,2023,3,March,1,2023-Q1,Q1 2023,12,20,Monday,0,0
2023-03-21,2023,3,March,1,2023-Q1,Q1 2023,12,21,Tuesday,0,0
2023-03-22,2023,3,March,1,2023-Q1,Q1 2023,12,22,Wednesday,0,0
2023-03-23,2023,3,March,1,2023-Q1,Q1 2023,12,23,Thursday,0,0
2023-03-24,2023,3,March,1,2023-Q1,Q1 2023,12,24,Friday,0,0
2023-03-25,2023,3,March,1,2023-Q1,Q1 2023,12,25,Saturday,1,0
2023-03-26,2023,3,March,1,2023-Q1,Q1 2023,12,26,Sunday,1,0
2023-03-27,2023,3,March,1,2023-Q1,Q1 2023,13,27,Monday,0,0
2023-03-28,2023,3,March,1,2023-Q1,Q1 2023,13,28,Tuesday,0,0
2023-03-29,2023,3,March,1,2023-Q1,Q1 2023,13,29,Wednesday,0,0
2023-03-30,2023,3,March,1,2023-Q1,Q1 2023,13,30,Thursday,0,0
2023-03-31,2023,3,March,1,2023-Q1,Q1 2023,13,31,Friday,0,0
2023-04-01,2023,4,April,2,2023-Q2,Q2 2023,13,1,Saturday,1,0
2023-04-02,2023,4,April,2,2023-Q2,Q2 2023,13,2,Sunday,1,0
2023-04-03,2023,4,April,2,2023-Q2,Q2 2023,14,3,Monday,0,0
2023-04-04,2023,4,April,2,2023-Q2,Q2 2023,14,4,Tuesday,0,0
2023-04-05,2023,4,April,2,2023-Q2,Q2 2023,14,5,Wednesday,0,0
2023-04-06,2023,4,April,2,2023-Q2,Q2 2023,14,6,Thursday,0,0
2023-04-07,2023,4,April,2,2023-Q2,Q2 2023,14,7,Friday,0,0
2023-04-08,2023,4,April,2,2023-Q2,Q2 2023,14,8,Saturday,1,0
2023-04-09,2023,4,April,2,2023-Q2,Q2 2023,14,9,Sunday,1,0
2023-04-10,2023,4,April,2,2023-Q2,Q2 2023,15,10,Monday,0,0
2023-04-11,2023,4,April,2,2023-Q2,Q2 2023,15,11,Tuesday,0,0
2023-04-12,2023,4,April,2,2023-Q2,Q2 2023,15,12,Wednesday,0,0
2023-04-13,2023,4,April,2,2023-Q2,Q2 2023,15,13,Thursday,0,0
2023-04-14,2023,4,April,2,2023-Q2,Q2 2023,15,14,Friday,0,0
2023-04-15,2023,4,April,2,2023-Q2,Q2 2023,15,15,Saturday,1,0
2023-04-16,2023,4,April,2,2023-Q2,Q2 2023,15,16,Sunday,1,0
2023-04-17,2023,4,April,2,2023-Q2,Q2 2023,16,17,Monday,0,0
2023-04-18,2023,4,April,2,2023-Q2,Q2 2023,16,18,Tuesday,0,0
2023-04-19,2023,4,April,2,2023-Q2,Q2 2023,16,19,Wednesday,0,0
2023-04-20,2023,4,April,2,2023-Q2,Q2 2023,16,20,Thursday,0,0
2023-04-21,2023,4,April,2,2023-Q2,Q2 2023,16,21,Friday,0,0
2023-04-22,2023,4,April,2,2023-Q2,Q2 2023,16,22,Saturday,1,0
2023-04-23,2023,4,April,2,2023-Q2,Q2 2023,16,23,Sunday,1,0
2023-04-24,2023,4,April,2,2023-Q2,Q2 2023,17,24,Monday,0,0
2023-04-25,2023,4,April,2,2023-Q2,Q2 2023,17,25,Tuesday,0,0
2023-04-26,2023,4,April,2,2023-Q2,Q2 2023,17,26,Wednesday,0,0
2023-04-27,2023,4,April,2,2023-Q2,Q2 2023,17,27,Thursday,0,0
2023-04-28,2023,4,April,2,2023-Q2,Q2 2023,17,28,Friday,0,0
2023-04-29,2023,4,April,2,2023-Q2,Q2 2023,17,29,Saturday,1,0
2023-04-30,2023,4,April,2,2023-Q2,Q2 2023,17,30,Sunday,1,0
2023-05-01,2023,5,May,2,2023-Q2,Q2 2023,18,1,Monday,0,0
2023-05-02,2023,5,May,2,2023-Q2,Q2 2023,18,2,Tuesday,0,0
2023-05-03,2023,5,May,2,2023-Q2,Q2 2023,18,3,Wednesday,0,0
2023-05-04,2023,5,May,2,2023-Q2,Q2 2023,18,4,Thursday,0,0
2023-05-05,2023,5,May,2,2023-Q2,Q2 2023,18,5,Friday,0,0
2023-05-06,2023,5,May,2,2023-Q2,Q2 2023,18,6,Saturday,1,0
2023-05-07,2023,5,May,2,2023-Q2,Q2 2023,18,7,Sunday,1,0
2023-05-08,2023,5,May,2,2023-Q2,Q2 2023,19,8,Monday,0,0
2023-05-09,2023,5,May,2,2023-Q2,Q2 2023,19,9,Tuesday,0,0
2023-05-10,2023,5,May,2,2023-Q2,Q2 2023,19,10,Wednesday,0,0
2023-05-11,2023,5,May,2,2023-Q2,Q2 2023,19,11,Thursday,0,0
2023-05-12,2023,5,May,2,2023-Q2,Q2 2023,19,12,Friday,0,0
2023-05-13,2023,5,May,2,2023-Q2,Q2 2023,19,13,Saturday,1,0
2023-05-14,2023,5,May,2,2023-Q2,Q2 2023,19,14,Sunday,1,0
2023-05-15,2023,5,May,2,2023-Q2,Q2 2023,20,15,Monday,0,0
2023-05-16,2023,5,May,2,2023-Q2,Q2 2023,20,16,Tuesday,0,0
2023-05-17,2023,5,May,2,2023-Q2,Q2 2023,20,17,Wednesday,0,0
2023-05-18,2023,5,May,2,2023-Q2,Q2 2023,20,18,Thursday,0,0
2023-05-19,2023,5,May,2,2023-Q2,Q2 2023,20,19,Friday,0,0
2023-05-20,2023,5,May,2,2023-Q2,Q2 2023,20,20,Saturday,1,0
2023-05-21,2023,5,May,2,2023-Q2,Q2 2023,20,21,Sunday,1,0
2023-05-22,2023,5,May,2,2023-Q2,Q2 2023,21,22,Monday,0,0
2023-05-23,2023,5,May,2,2023-Q2,Q2 2023,21,23,Tuesday,0,0
2023-05-24,2023,5,May,2,2023-Q2,Q2 2023,21,24,Wednesday,0,0
2023-05-25,2023,5,May,2,2023-Q2,Q2 2023,21,25,Thursday,0,0
2023-05-26,2023,5,May,2,2023-Q2,Q2 2023,21,26,Friday,0,0
2023-05-27,2023,5,May,2,2023-Q2,Q2 2023,21,27,Saturday,1,0
2023-05-28,2023,5,May,2,2023-Q2,Q2 2023,21,28,Sunday,1,0
2023-05-29,2023,5,May,2,2023-Q2,Q2 2023,22,29,Monday,0,0
2023-05-30,2023,5,May,2,2023-Q2,Q2 2023,22,30,Tuesday,0,0
2023-05-31,2023,5,May,2,2023-Q2,Q2 2023,22,31,Wednesday,0,0
2023-06-01,2023,6,June,2,2023-Q2,Q2 2023,22,1,Thursday,0,0
2023-06-02,2023,6,June,2,2023-Q2,Q2 2023,22,2,Friday,0,0
2023-06-03,2023,6,June,2,2023-Q2,Q2 2023,22,3,Saturday,1,0
2023-06-04,2023,6,June,2,2023-Q2,Q2 2023,22,4,Sunday,1,0
2023-06-05,2023,6,June,2,2023-Q2,Q2 2023,23,5,Monday,0,0
2023-06-06,2023,6,June,2,2023-Q2,Q2 2023,23,6,Tuesday,0,0
2023-06-07,2023,6,June,2,2023-Q2,Q2 2023,23,7,Wednesday,0,0
2023-06-08,2023,6,June,2,2023-Q2,Q2 2023,23,8,Thursday,0,0
2023-06-09,2023,6,June,2,2023-Q2,Q2 2023,23,9,Friday,0,0
2023-06-10,2023,6,June,2,2023-Q2,Q2 2023,23,10,Saturday,1,0
2023-06-11,2023,6,June,2,2023-Q2,Q2 2023,23,11,Sunday,1,0
2023-06-12,2023,6,June,2,2023-Q2,Q2 2023,24,12,Monday,0,0
2023-06-13,2023,6,June,2,2023-Q2,Q2 2023,24,13,Tuesday,0,0
2023-06-14,2023,6,June,2,2023-Q2,Q2 2023,24,14,Wednesday,0,0
2023-06-15,2023,6,June,2,2023-Q2,Q2 2023,24,15,Thursday,0,0
2023-06-16,2023,6,June,2,2023-Q2,Q2 2023,24,16,Friday,0,0
2023-06-17,2023,6,June,2,2023-Q2,Q2 2023,24,17,Saturday,1,0
2023-06-18,2023,6,June,2,2023-Q2,Q2 2023,24,18,Sunday,1,0
2023-06-19,2023,6,June,2,2023-Q2,Q2 2023,25,19,Monday,0,0
2023-06-20,2023,6,June,2,2023-Q2,Q2 2023,25,20,Tuesday,0,0
2023-06-21,2023,6,June,2,2023-Q2,Q2 2023,25,21,Wednesday,0,0
2023-06-22,2023,6,June,2,2023-Q2,Q2 2023,25,22,Thursday,0,0
2023-06-23,2023,6,June,2,2023-Q2,Q2 2023,25,23,Friday,0,0
2023-06-24,2023,6,June,2,2023-Q2,Q2 2023,25,24,Saturday,1,0
2023-06-25,2023,6,June,2,2023-Q2,Q2 2023,25,25,Sunday,1,0
2023-06-26,2023,6,June,2,2023-Q2,Q2 2023,26,26,Monday,0,0
2023-06-27,2023,6,June,2,2023-Q2,Q2 2023,26,27,Tuesday,0,0
2023-06-28,2023,6,June,2,2023-Q2,Q2 2023,26,28,Wednesday,0,0
2023-06-29,2023,6,June,2,2023-Q2,Q2 2023,26,29,Thursday,0,0
2023-06-30,2023,6,June,2,2023-Q2,Q2 2023,26,30,Friday,0,0
2023-07-01,2023,7,July,3,2023-Q3,Q3 2023,26,1,Saturday,1,0
2023-07-02,2023,7,July,3,2023-Q3,Q3 2023,26,2,Sunday,1,0
2023-07-03,2023,7,July,3,2023-Q3,Q3 2023,27,3,Monday,0,0
2023-07-04,2023,7,July,3,2023-Q3,Q3 2023,27,4,Tuesday,0,0
2023-07-05,2023,7,July,3,2023-Q3,Q3 2023,27,5,Wednesday,0,0
2023-07-06,2023,7,July,3,2023-Q3,Q3 2023,27,6,Thursday,0,0
2023-07-07,2023,7,July,3,2023-Q3,Q3 2023,27,7,Friday,0,0
2023-07-08,2023,7,July,3,2023-Q3,Q3 2023,27,8,Saturday,1,0
2023-07-09,2023,7,July,3,2023-Q3,Q3 2023,27,9,Sunday,1,0
2023-07-10,2023,7,July,3,2023-Q3,Q3 2023,28,10,Monday,0,0
2023-07-11,2023,7,July,3,2023-Q3,Q3 2023,28,11,Tuesday,0,0
2023-07-12,2023,7,July,3,2023-Q3,Q3 2023,28,12,Wednesday,0,0
2023-07-13,2023,7,July,3,2023-Q3,Q3 2023,28,13,Thursday,0,0
2023-07-14,2023,7,July,3,2023-Q3,Q3 2023,28,14,Friday,0,0
2023-07-15,2023,7,July,3,2023-Q3,Q3 2023,28,15,Saturday,1,0
2023-07-16,2023,7,July,3,2023-Q3,Q3 2023,28,16,Sunday,1,0
2023-07-17,2023,7,July,3,2023-Q3,Q3 2023,29,17,Monday,0,0
2023-07-18,2023,7,July,3,2023-Q3,Q3 2023,29,18,Tuesday,0,0
2023-07-19,2023,7,July,3,2023-Q3,Q3 2023,29,19,Wednesday,0,0
2023-07-20,2023,7,July,3,2023-Q3,Q3 2023,29,20,Thursday,0,0
2023-07-21,2023,7,July,3,2023-Q3,Q3 2023,29,21,Friday,0,0
2023-07-22,2023,7,July,3,2023-Q3,Q3 2023,29,22,Saturday,1,0
2023-07-23,2023,7,July,3,2023-Q3,Q3 2023,29,23,Sunday,1,0
2023-07-24,2023,7,July,3,2023-Q3,Q3 2023,30,24,Monday,0,0
2023-07-25,2023,7,July,3,2023-Q3,Q3 2023,30,25,Tuesday,0,0
2023-07-26,2023,7,July,3,2023-Q3,Q3 2023,30,26,Wednesday,0,0
2023-07-27,2023,7,July,3,2023-Q3,Q3 2023,30,27,Thursday,0,0
2023-07-28,2023,7,July,3,2023-Q3,Q3 2023,30,28,Friday,0,0
2023-07-29,2023,7,July,3,2023-Q3,Q3 2023,30,29,Saturday,1,0
2023-07-30,2023,7,July,3,2023-Q3,Q3 2023,30,30,Sunday,1,0
2023-07-31,2023,7,July,3,2023-Q3,Q3 2023,31,31,Monday,0,0
2023-08-01,2023,8,August,3,2023-Q3,Q3 2023,31,1,Tuesday,0,0
2023-08-02,2023,8,August,3,2023-Q3,Q3 2023,31,2,Wednesday,0,0
2023-08-03,2023,8,August,3,2023-Q3,Q3 2023,31,3,Thursday,0,0
2023-08-04,2023,8,August,3,2023-Q3,Q3 2023,31,4,Friday,0,0
2023-08-05,2023,8,August,3,2023-Q3,Q3 2023,31,5,Saturday,1,0
2023-08-06,2023,8,August,3,2023-Q3,Q3 2023,31,6,Sunday,1,0
2023-08-07,2023,8,August,3,2023-Q3,Q3 2023,32,7,Monday,0,0
2023-08-08,2023,8,August,3,2023-Q3,Q3 2023,32,8,Tuesday,0,0
2023-08-09,2023,8,August,3,2023-Q3,Q3 2023,32,9,Wednesday,0,0
2023-08-10,2023,8,August,3,2023-Q3,Q3 2023,32,10,Thursday,0,0
2023-08-11,2023,8,August,3,2023-Q3,Q3 2023,32,11,Friday,0,0
2023-08-12,2023,8,August,3,2023-Q3,Q3 2023,32,12,Saturday,1,0
2023-08-13,2023,8,August,3,2023-Q3,Q3 2023,32,13,Sunday,1,0
2023-08-14,2023,8,August,3,2023-Q3,Q3 2023,33,14,Monday,0,0
2023-08-15,2023,8,August,3,2023-Q3,Q3 2023,33,15,Tuesday,0,0
2023-08-16,2023,8,August,3,2023-Q3,Q3 2023,33,16,Wednesday,0,0
2023-08-17,2023,8,August,3,2023-Q3,Q3 2023,33,17,Thursday,0,0
2023-08-18,2023,8,August,3,2023-Q3,Q3 2023,33,18,Friday,0,0
2023-08-19,2023,8,August,3,2023-Q3,Q3 2023,33,19,Saturday,1,0
2023-08-20,2023,8,August,3,2023-Q3,Q3 2023,33,20,Sunday,1,0
2023-08-21,2023,8,August,3,2023-Q3,Q3 2023,34,21,Monday,0,0
2023-08-22,2023,8,August,3,2023-Q3,Q3 2023,34,22,Tuesday,0,0
2023-08-23,2023,8,August,3,2023-Q3,Q3 2023,34,23,Wednesday,0,0
2023-08-24,2023,8,August,3,2023-Q3,Q3 2023,34,24,Thursday,0,0
2023-08-25,2023,8,August,3,2023-Q3,Q3 2023,34,25,Friday,0,0
2023-08-26,2023,8,August,3,2023-Q3,Q3 2023,34,26,Saturday,1,0
2023-08-27,2023,8,August,3,2023-Q3,Q3 2023,34,27,Sunday,1,0
2023-08-28,2023,8,August,3,2023-Q3,Q3 2023,35,28,Monday,0,0
2023-08-29,2023,8,August,3,2023-Q3,Q3 2023,35,29,Tuesday,0,0
2023-08-30,2023,8,August,3,2023-Q3,Q3 2023,35,30,Wednesday,0,0
2023-08-31,2023,8,August,3,2023-Q3,Q3 2023,35,31,Thursday,0,0
2023-09-01,2023,9,September,3,2023-Q3,Q3 2023,35,1,Friday,0,0
2023-09-02,2023,9,September,3,2023-Q3,Q3 2023,35,2,Saturday,1,0
2023-09-03,2023,9,September,3,2023-Q3,Q3 2023,35,3,Sunday,1,0
2023-09-04,2023,9,September,3,2023-Q3,Q3 2023,36,4,Monday,0,0
2023-09-05,2023,9,September,3,2023-Q3,Q3 2023,36,5,Tuesday,0,0
2023-09-06,2023,9,September,3,2023-Q3,Q3 2023,36,6,Wednesday,0,0
2023-09-07,2023,9,September,3,2023-Q3,Q3 2023,36,7,Thursday,0,0
2023-09-08,2023,9,September,3,2023-Q3,Q3 2023,36,8,Friday,0,0
2023-09-09,2023,9,September,3,2023-Q3,Q3 2023,36,9,Saturday,1,0
2023-09-10,2023,9,September,3,2023-Q3,Q3 2023,36,10,Sunday,1,0
2023-09-11,2023,9,September,3,2023-Q3,Q3 2023,37,11,Monday,0,0
2023-09-12,2023,9,September,3,2023-Q3,Q3 2023,37,12,Tuesday,0,0
2023-09-13,2023,9,September,3,2023-Q3,Q3 2023,37,13,Wednesday,0,0
2023-09-14,2023,9,September,3,2023-Q3,Q3 2023,37,14,Thursday,0,0
2023-09-15,2023,9,September,3,2023-Q3,Q3 2023,37,15,Friday,0,0
2023-09-16,2023,9,September,3,2023-Q3,Q3 2023,37,16,Saturday,1,0
2023-09-17,2023,9,September,3,2023-Q3,Q3 2023,37,17,Sunday,1,0
2023-09-18,2023,9,September,3,2023-Q3,Q3 2023,38,18,Monday,0,0
2023-09-19,2023,9,September,3,2023-Q3,Q3 2023,38,19,Tuesday,0,0
2023-09-20,2023,9,September,3,2023-Q3,Q3 2023,38,20,Wednesday,0,0
2023-09-21,2023,9,September,3,2023-Q3,Q3 2023,38,21,Thursday,0,0
2023-09-22,2023,9,September,3,2023-Q3,Q3 2023,38,22,Friday,0,0
2023-09-23,2023,9,September,3,2023-Q3,Q3 2023,38,23,Saturday,1,0
2023-09-24,2023,9,September,3,2023-Q3,Q3 2023,38,24,Sunday,1,0
2023-09-25,2023,9,September,3,2023-Q3,Q3 2023,39,25,Monday,0,0
2023-09-26,2023,9,September,3,2023-Q3,Q3 2023,39,26,Tuesday,0,0
2023-09-27,2023,9,September,3,2023-Q3,Q3 2023,39,27,Wednesday,0,0
2023-09-28,2023,9,September,3,2023-Q3,Q3 2023,39,28,Thursday,0,0
2023-09-29,2023,9,September,3,2023-Q3,Q3 2023,39,29,Friday,0,0
2023-09-30,2023,9,September,3,2023-Q3,Q3 2023,39,30,Saturday,1,0
2023-10-01,2023,10,October,4,2023-Q4,Q4 2023,39,1,Sunday,1,0
2023-10-02,2023,10,October,4,2023-Q4,Q4 2023,40,2,Monday,0,0
2023-10-03,2023,10,October,4,2023-Q4,Q4 2023,40,3,Tuesday,0,0
2023-10-04,2023,10,October,4,2023-Q4,Q4 2023,40,4,Wednesday,0,0
2023-10-05,2023,10,October,4,2023-Q4,Q4 2023,40,5,Thursday,0,0
2023-10-06,2023,10,October,4,2023-Q4,Q4 2023,40,6,Friday,0,0
2023-10-07,2023,10,October,4,2023-Q4,Q4 2023,40,7,Saturday,1,0
2023-10-08,2023,10,October,4,2023-Q4,Q4 2023,40,8,Sunday,1,0
2023-10-09,2023,10,October,4,2023-Q4,Q4 2023,41,9,Monday,0,0
2023-10-10,2023,10,October,4,2023-Q4,Q4 2023,41,10,Tuesday,0,0
2023-10-11,2023,10,October,4,2023-Q4,Q4 2023,41,11,Wednesday,0,0
2023-10-12,2023,10,October,4,2023-Q4,Q4 2023,41,12,Thursday,0,0
2023-10-13,2023,10,October,4,2023-Q4,Q4 2023,41,13,Friday,0,0
2023-10-14,2023,10,October,4,2023-Q4,Q4 2023,41,14,Saturday,1,0
2023-10-15,2023,10,October,4,2023-Q4,Q4 2023,41,15,Sunday,1,0
2023-10-16,2023,10,October,4,2023-Q4,Q4 2023,42,16,Monday,0,0
2023-10-17,2023,10,October,4,2023-Q4,Q4 2023,42,17,Tuesday,0,0
2023-10-18,2023,10,October,4,2023-Q4,Q4 2023,42,18,Wednesday,0,0
2023-10-19,2023,10,October,4,2023-Q4,Q4 2023,42,19,Thursday,0,0
2023-10-20,2023,10,October,4,2023-Q4,Q4 2023,42,20,Friday,0,0
2023-10-21,2023,10,October,4,2023-Q4,Q4 2023,42,21,Saturday,1,0
2023-10-22,2023,10,October,4,2023-Q4,Q4 2023,42,22,Sunday,1,0
2023-10-23,2023,10,October,4,2023-Q4,Q4 2023,43,23,Monday,0,0
2023-10-24,2023,10,October,4,2023-Q4,Q4 2023,43,24,Tuesday,0,0
2023-10-25,2023,10,October,4,2023-Q4,Q4 2023,43,25,Wednesday,0,0
2023-10-26,2023,10,October,4,2023-Q4,Q4 2023,43,26,Thursday,0,0
2023-10-27,2023,10,October,4,2023-Q4,Q4 2023,43,27,Friday,0,0
2023-10-28,2023,10,October,4,2023-Q4,Q4 2023,43,28,Saturday,1,0
2023-10-29,2023,10,October,4,2023-Q4,Q4 2023,43,29,Sunday,1,0
2023-10-30,2023,10,October,4,2023-Q4,Q4 2023,44,30,Monday,0,0
2023-10-31,2023,10,October,4,2023-Q4,Q4 2023,44,31,Tuesday,0,0
2023-11-01,2023,11,November,4,2023-Q4,Q4 2023,44,1,Wednesday,0,0
2023-11-02,2023,11,November,4,2023-Q4,Q4 2023,44,2,Thursday,0,0
2023-11-03,2023,11,November,4,2023-Q4,Q4 2023,44,3,Friday,0,0
2023-11-04,2023,11,November,4,2023-Q4,Q4 2023,44,4,Saturday,1,0
2023-11-05,2023,11,November,4,2023-Q4,Q4 2023,44,5,Sunday,1,0
2023-11-06,2023,11,November,4,2023-Q4,Q4 2023,45,6,Monday,0,0
2023-11-07,2023,11,November,4,2023-Q4,Q4 2023,45,7,Tuesday,0,0
2023-11-08,2023,11,November,4,2023-Q4,Q4 2023,45,8,Wednesday,0,0
2023-11-09,2023,11,November,4,2023-Q4,Q4 2023,45,9,Thursday,0,0
2023-11-10,2023,11,November,4,2023-Q4,Q4 2023,45,10,Friday,0,0
2023-11-11,2023,11,November,4,2023-Q4,Q4 2023,45,11,Saturday,1,0
2023-11-12,2023,11,November,4,2023-Q4,Q4 2023,45,12,Sunday,1,0
2023-11-13,2023,11,November,4,2023-Q4,Q4 2023,46,13,Monday,0,0
2023-11-14,2023,11,November,4,2023-Q4,Q4 2023,46,14,Tuesday,0,0
2023-11-15,2023,11,November,4,2023-Q4,Q4 2023,46,15,Wednesday,0,0
2023-11-16,2023,11,November,4,2023-Q4,Q4 2023,46,16,Thursday,0,0
2023-11-17,2023,11,November,4,2023-Q4,Q4 2023,46,17,Friday,0,0
2023-11-18,2023,11,November,4,2023-Q4,Q4 2023,46,18,Saturday,1,0
2023-11-19,2023,11,November,4,2023-Q4,Q4 2023,46,19,Sunday,1,0
2023-11-20,2023,11,November,4,2023-Q4,Q4 2023,47,20,Monday,0,0
2023-11-21,2023,11,November,4,2023-Q4,Q4 2023,47,21,Tuesday,0,0
2023-11-22,2023,11,November,4,2023-Q4,Q4 2023,47,22,Wednesday,0,0
2023-11-23,2023,11,November,4,2023-Q4,Q4 2023,47,23,Thursday,0,0
2023-11-24,2023,11,November,4,2023-Q4,Q4 2023,47,24,Friday,0,0
2023-11-25,2023,11,November,4,2023-Q4,Q4 2023,47,25,Saturday,1,0
2023-11-26,2023,11,November,4,2023-Q4,Q4 2023,47,26,Sunday,1,0
2023-11-27,2023,11,November,4,2023-Q4,Q4 2023,48,27,Monday,0,0
2023-11-28,2023,11,November,4,2023-Q4,Q4 2023,48,28,Tuesday,0,0
2023-11-29,2023,11,November,4,2023-Q4,Q4 2023,48,29,Wednesday,0,0
2023-11-30,2023,11,November,4,2023-Q4,Q4 2023,48,30,Thursday,0,0
2023-12-01,2023,12,December,4,2023-Q4,Q4 2023,48,1,Friday,0,0
2023-12-02,2023,12,December,4,2023-Q4,Q4 2023,48,2,Saturday,1,0
2023-12-03,2023,12,December,4,2023-Q4,Q4 2023,48,3,Sunday,1,0
2023-12-04,2023,12,December,4,2023-Q4,Q4 2023,49,4,Monday,0,0
2023-12-05,2023,12,December,4,2023-Q4,Q4 2023,49,5,Tuesday,0,0
2023-12-06,2023,12,December,4,2023-Q4,Q4 2023,49,6,Wednesday,0,0
2023-12-07,2023,12,December,4,2023-Q4,Q4 2023,49,7,Thursday,0,0
2023-12-08,2023,12,December,4,2023-Q4,Q4 2023,49,8,Friday,0,0
2023-12-09,2023,12,December,4,2023-Q4,Q4 2023,49,9,Saturday,1,0
2023-12-10,2023,12,December,4,2023-Q4,Q4 2023,49,10,Sunday,1,0
2023-12-11,2023,12,December,4,2023-Q4,Q4 2023,50,11,Monday,0,0
2023-12-12,2023,12,December,4,2023-Q4,Q4 2023,50,12,Tuesday,0,0
2023-12-13,2023,12,December,4,2023-Q4,Q4 2023,50,13,Wednesday,0,0
2023-12-14,2023,12,December,4,2023-Q4,Q4 2023,50,14,Thursday,0,0
2023-12-15,2023,12,December,4,2023-Q4,Q4 2023,50,15,Friday,0,1
2023-12-16,2023,12,December,4,2023-Q4,Q4 2023,50,16,Saturday,1,1
2023-12-17,2023,12,December,4,2023-Q4,Q4 2023,50,17,Sunday,1,1
2023-12-18,2023,12,December,4,2023-Q4,Q4 2023,51,18,Monday,0,1
2023-12-19,2023,12,December,4,2023-Q4,Q4 2023,51,19,Tuesday,0,1
2023-12-20,2023,12,December,4,2023-Q4,Q4 2023,51,20,Wednesday,0,1
2023-12-21,2023,12,December,4,2023-Q4,Q4 2023,51,21,Thursday,0,1
2023-12-22,2023,12,December,4,2023-Q4,Q4 2023,51,22,Friday,0,1
2023-12-23,2023,12,December,4,2023-Q4,Q4 2023,51,23,Saturday,1,1
2023-12-24,2023,12,December,4,2023-Q4,Q4 2023,51,24,Sunday,1,1
2023-12-25,2023,12,December,4,2023-Q4,Q4 2023,52,25,Monday,0,1
2023-12-26,2023,12,December,4,2023-Q4,Q4 2023,52,26,Tuesday,0,1
2023-12-27,2023,12,December,4,2023-Q4,Q4 2023,52,27,Wednesday,0,1
2023-12-28,2023,12,December,4,2023-Q4,Q4 2023,52,28,Thursday,0,1
2023-12-29,2023,12,December,4,2023-Q4,Q4 2023,52,29,Friday,0,1
2023-12-30,2023,12,December,4,2023-Q4,Q4 2023,52,30,Saturday,1,1
2023-12-31,2023,12,December,4,2023-Q4,Q4 2023,52,31,Sunday,1,1
2024-01-01,2024,1,January,1,2024-Q1,Q1 2024,1,1,Monday,0,0
2024-01-02,2024,1,January,1,2024-Q1,Q1 2024,1,2,Tuesday,0,0
2024-01-03,2024,1,January,1,2024-Q1,Q1 2024,1,3,Wednesday,0,0
2024-01-04,2024,1,January,1,2024-Q1,Q1 2024,1,4,Thursday,0,0
2024-01-05,2024,1,January,1,2024-Q1,Q1 2024,1,5,Friday,0,0
2024-01-06,2024,1,January,1,2024-Q1,Q1 2024,1,6,Saturday,1,0
2024-01-07,2024,1,January,1,2024-Q1,Q1 2024,1,7,Sunday,1,0
2024-01-08,2024,1,January,1,2024-Q1,Q1 2024,2,8,Monday,0,0
2024-01-09,2024,1,January,1,2024-Q1,Q1 2024,2,9,Tuesday,0,0
2024-01-10,2024,1,January,1,2024-Q1,Q1 2024,2,10,Wednesday,0,0
2024-01-11,2024,1,January,1,2024-Q1,Q1 2024,2,11,Thursday,0,0
2024-01-12,2024,1,January,1,2024-Q1,Q1 2024,2,12,Friday,0,0
2024-01-13,2024,1,January,1,2024-Q1,Q1 2024,2,13,Saturday,1,0
2024-01-14,2024,1,January,1,2024-Q1,Q1 2024,2,14,Sunday,1,0
2024-01-15,2024,1,January,1,2024-Q1,Q1 2024,3,15,Monday,0,0
2024-01-16,2024,1,January,1,2024-Q1,Q1 2024,3,16,Tuesday,0,0
2024-01-17,2024,1,January,1,2024-Q1,Q1 2024,3,17,Wednesday,0,0
2024-01-18,2024,1,January,1,2024-Q1,Q1 2024,3,18,Thursday,0,0
2024-01-19,2024,1,January,1,2024-Q1,Q1 2024,3,19,Friday,0,0
2024-01-20,2024,1,January,1,2024-Q1,Q1 2024,3,20,Saturday,1,0
2024-01-21,2024,1,January,1,2024-Q1,Q1 2024,3,21,Sunday,1,0
2024-01-22,2024,1,January,1,2024-Q1,Q1 2024,4,22,Monday,0,0
2024-01-23,2024,1,January,1,2024-Q1,Q1 2024,4,23,Tuesday,0,0
2024-01-24,2024,1,January,1,2024-Q1,Q1 2024,4,24,Wednesday,0,0
2024-01-25,2024,1,January,1,2024-Q1,Q1 2024,4,25,Thursday,0,0
2024-01-26,2024,1,January,1,2024-Q1,Q1 2024,4,26,Friday,0,0
2024-01-27,2024,1,January,1,2024-Q1,Q1 2024,4,27,Saturday,1,0
2024-01-28,2024,1,January,1,2024-Q1,Q1 2024,4,28,Sunday,1,0
2024-01-29,2024,1,January,1,2024-Q1,Q1 2024,5,29,Monday,0,0
2024-01-30,2024,1,January,1,2024-Q1,Q1 2024,5,30,Tuesday,0,0
2024-01-31,2024,1,January,1,2024-Q1,Q1 2024,5,31,Wednesday,0,0
2024-02-01,2024,2,February,1,2024-Q1,Q1 2024,5,1,Thursday,0,0
2024-02-02,2024,2,February,1,2024-Q1,Q1 2024,5,2,Friday,0,0
2024-02-03,2024,2,February,1,2024-Q1,Q1 2024,5,3,Saturday,1,0
2024-02-04,2024,2,February,1,2024-Q1,Q1 2024,5,4,Sunday,1,0
2024-02-05,2024,2,February,1,2024-Q1,Q1 2024,6,5,Monday,0,0
2024-02-06,2024,2,February,1,2024-Q1,Q1 2024,6,6,Tuesday,0,0
2024-02-07,2024,2,February,1,2024-Q1,Q1 2024,6,7,Wednesday,0,0
2024-02-08,2024,2,February,1,2024-Q1,Q1 2024,6,8,Thursday,0,0
2024-02-09,2024,2,February,1,2024-Q1,Q1 2024,6,9,Friday,0,0
2024-02-10,2024,2,February,1,2024-Q1,Q1 2024,6,10,Saturday,1,0
2024-02-11,2024,2,February,1,2024-Q1,Q1 2024,6,11,Sunday,1,0
2024-02-12,2024,2,February,1,2024-Q1,Q1 2024,7,12,Monday,0,0
2024-02-13,2024,2,February,1,2024-Q1,Q1 2024,7,13,Tuesday,0,0
2024-02-14,2024,2,February,1,2024-Q1,Q1 2024,7,14,Wednesday,0,0
2024-02-15,2024,2,February,1,2024-Q1,Q1 2024,7,15,Thursday,0,0
2024-02-16,2024,2,February,1,2024-Q1,Q1 2024,7,16,Friday,0,0
2024-02-17,2024,2,February,1,2024-Q1,Q1 2024,7,17,Saturday,1,0
2024-02-18,2024,2,February,1,2024-Q1,Q1 2024,7,18,Sunday,1,0
2024-02-19,2024,2,February,1,2024-Q1,Q1 2024,8,19,Monday,0,0
2024-02-20,2024,2,February,1,2024-Q1,Q1 2024,8,20,Tuesday,0,0
2024-02-21,2024,2,February,1,2024-Q1,Q1 2024,8,21,Wednesday,0,0
2024-02-22,2024,2,February,1,2024-Q1,Q1 2024,8,22,Thursday,0,0
2024-02-23,2024,2,February,1,2024-Q1,Q1 2024,8,23,Friday,0,0
2024-02-24,2024,2,February,1,2024-Q1,Q1 2024,8,24,Saturday,1,0
2024-02-25,2024,2,February,1,2024-Q1,Q1 2024,8,25,Sunday,1,0
2024-02-26,2024,2,February,1,2024-Q1,Q1 2024,9,26,Monday,0,0
2024-02-27,2024,2,February,1,2024-Q1,Q1 2024,9,27,Tuesday,0,0
2024-02-28,2024,2,February,1,2024-Q1,Q1 2024,9,28,Wednesday,0,0
2024-02-29,2024,2,February,1,2024-Q1,Q1 2024,9,29,Thursday,0,0
2024-03-01,2024,3,March,1,2024-Q1,Q1 2024,9,1,Friday,0,0
2024-03-02,2024,3,March,1,2024-Q1,Q1 2024,9,2,Saturday,1,0
2024-03-03,2024,3,March,1,2024-Q1,Q1 2024,9,3,Sunday,1,0
2024-03-04,2024,3,March,1,2024-Q1,Q1 2024,10,4,Monday,0,0
2024-03-05,2024,3,March,1,2024-Q1,Q1 2024,10,5,Tuesday,0,0
2024-03-06,2024,3,March,1,2024-Q1,Q1 2024,10,6,Wednesday,0,0
2024-03-07,2024,3,March,1,2024-Q1,Q1 2024,10,7,Thursday,0,0
2024-03-08,2024,3,March,1,2024-Q1,Q1 2024,10,8,Friday,0,0
2024-03-09,2024,3,March,1,2024-Q1,Q1 2024,10,9,Saturday,1,0
2024-03-10,2024,3,March,1,2024-Q1,Q1 2024,10,10,Sunday,1,0
2024-03-11,2024,3,March,1,2024-Q1,Q1 2024,11,11,Monday,0,0
2024-03-12,2024,3,March,1,2024-Q1,Q1 2024,11,12,Tuesday,0,0
2024-03-13,2024,3,March,1,2024-Q1,Q1 2024,11,13,Wednesday,0,0
2024-03-14,2024,3,March,1,2024-Q1,Q1 2024,11,14,Thursday,0,0
2024-03-15,2024,3,March,1,2024-Q1,Q1 2024,11,15,Friday,0,0
2024-03-16,2024,3,March,1,2024-Q1,Q1 2024,11,16,Saturday,1,0
2024-03-17,2024,3,March,1,2024-Q1,Q1 2024,11,17,Sunday,1,0
2024-03-18,2024,3,March,1,2024-Q1,Q1 2024,12,18,Monday,0,0
2024-03-19,2024,3,March,1,2024-Q1,Q1 2024,12,19,Tuesday,0,0
2024-03-20,2024,3,March,1,2024-Q1,Q1 2024,12,20,Wednesday,0,0
2024-03-21,2024,3,March,1,2024-Q1,Q1 2024,12,21,Thursday,0,0
2024-03-22,2024,3,March,1,2024-Q1,Q1 2024,12,22,Friday,0,0
2024-03-23,2024,3,March,1,2024-Q1,Q1 2024,12,23,Saturday,1,0
2024-03-24,2024,3,March,1,2024-Q1,Q1 2024,12,24,Sunday,1,0
2024-03-25,2024,3,March,1,2024-Q1,Q1 2024,13,25,Monday,0,0
2024-03-26,2024,3,March,1,2024-Q1,Q1 2024,13,26,Tuesday,0,0
2024-03-27,2024,3,March,1,2024-Q1,Q1 2024,13,27,Wednesday,0,0
2024-03-28,2024,3,March,1,2024-Q1,Q1 2024,13,28,Thursday,0,0
2024-03-29,2024,3,March,1,2024-Q1,Q1 2024,13,29,Friday,0,0
2024-03-30,2024,3,March,1,2024-Q1,Q1 2024,13,30,Saturday,1,0
2024-03-31,2024,3,March,1,2024-Q1,Q1 2024,13,31,Sunday,1,0
2024-04-01,2024,4,April,2,2024-Q2,Q2 2024,14,1,Monday,0,0
2024-04-02,2024,4,April,2,2024-Q2,Q2 2024,14,2,Tuesday,0,0
2024-04-03,2024,4,April,2,2024-Q2,Q2 2024,14,3,Wednesday,0,0
2024-04-04,2024,4,April,2,2024-Q2,Q2 2024,14,4,Thursday,0,0
2024-04-05,2024,4,April,2,2024-Q2,Q2 2024,14,5,Friday,0,0
2024-04-06,2024,4,April,2,2024-Q2,Q2 2024,14,6,Saturday,1,0
2024-04-07,2024,4,April,2,2024-Q2,Q2 2024,14,7,Sunday,1,0
2024-04-08,2024,4,April,2,2024-Q2,Q2 2024,15,8,Monday,0,0
2024-04-09,2024,4,April,2,2024-Q2,Q2 2024,15,9,Tuesday,0,0
2024-04-10,2024,4,April,2,2024-Q2,Q2 2024,15,10,Wednesday,0,0
2024-04-11,2024,4,April,2,2024-Q2,Q2 2024,15,11,Thursday,0,0
2024-04-12,2024,4,April,2,2024-Q2,Q2 2024,15,12,Friday,0,0
2024-04-13,2024,4,April,2,2024-Q2,Q2 2024,15,13,Saturday,1,0
2024-04-14,2024,4,April,2,2024-Q2,Q2 2024,15,14,Sunday,1,0
2024-04-15,2024,4,April,2,2024-Q2,Q2 2024,16,15,Monday,0,0
2024-04-16,2024,4,April,2,2024-Q2,Q2 2024,16,16,Tuesday,0,0
2024-04-17,2024,4,April,2,2024-Q2,Q2 2024,16,17,Wednesday,0,0
2024-04-18,2024,4,April,2,2024-Q2,Q2 2024,16,18,Thursday,0,0
2024-04-19,2024,4,April,2,2024-Q2,Q2 2024,16,19,Friday,0,0
2024-04-20,2024,4,April,2,2024-Q2,Q2 2024,16,20,Saturday,1,0
2024-04-21,2024,4,April,2,2024-Q2,Q2 2024,16,21,Sunday,1,0
2024-04-22,2024,4,April,2,2024-Q2,Q2 2024,17,22,Monday,0,0
2024-04-23,2024,4,April,2,2024-Q2,Q2 2024,17,23,Tuesday,0,0
2024-04-24,2024,4,April,2,2024-Q2,Q2 2024,17,24,Wednesday,0,0
2024-04-25,2024,4,April,2,2024-Q2,Q2 2024,17,25,Thursday,0,0
2024-04-26,2024,4,April,2,2024-Q2,Q2 2024,17,26,Friday,0,0
2024-04-27,2024,4,April,2,2024-Q2,Q2 2024,17,27,Saturday,1,0
2024-04-28,2024,4,April,2,2024-Q2,Q2 2024,17,28,Sunday,1,0
2024-04-29,2024,4,April,2,2024-Q2,Q2 2024,18,29,Monday,0,0
2024-04-30,2024,4,April,2,2024-Q2,Q2 2024,18,30,Tuesday,0,0
2024-05-01,2024,5,May,2,2024-Q2,Q2 2024,18,1,Wednesday,0,0
2024-05-02,2024,5,May,2,2024-Q2,Q2 2024,18,2,Thursday,0,0
2024-05-03,2024,5,May,2,2024-Q2,Q2 2024,18,3,Friday,0,0
2024-05-04,2024,5,May,2,2024-Q2,Q2 2024,18,4,Saturday,1,0
2024-05-05,2024,5,May,2,2024-Q2,Q2 2024,18,5,Sunday,1,0
2024-05-06,2024,5,May,2,2024-Q2,Q2 2024,19,6,Monday,0,0
2024-05-07,2024,5,May,2,2024-Q2,Q2 2024,19,7,Tuesday,0,0
2024-05-08,2024,5,May,2,2024-Q2,Q2 2024,19,8,Wednesday,0,0
2024-05-09,2024,5,May,2,2024-Q2,Q2 2024,19,9,Thursday,0,0
2024-05-10,2024,5,May,2,2024-Q2,Q2 2024,19,10,Friday,0,0
2024-05-11,2024,5,May,2,2024-Q2,Q2 2024,19,11,Saturday,1,0
2024-05-12,2024,5,May,2,2024-Q2,Q2 2024,19,12,Sunday,1,0
2024-05-13,2024,5,May,2,2024-Q2,Q2 2024,20,13,Monday,0,0
2024-05-14,2024,5,May,2,2024-Q2,Q2 2024,20,14,Tuesday,0,0
2024-05-15,2024,5,May,2,2024-Q2,Q2 2024,20,15,Wednesday,0,0
2024-05-16,2024,5,May,2,2024-Q2,Q2 2024,20,16,Thursday,0,0
2024-05-17,2024,5,May,2,2024-Q2,Q2 2024,20,17,Friday,0,0
2024-05-18,2024,5,May,2,2024-Q2,Q2 2024,20,18,Saturday,1,0
2024-05-19,2024,5,May,2,2024-Q2,Q2 2024,20,19,Sunday,1,0
2024-05-20,2024,5,May,2,2024-Q2,Q2 2024,21,20,Monday,0,0
2024-05-21,2024,5,May,2,2024-Q2,Q2 2024,21,21,Tuesday,0,0
2024-05-22,2024,5,May,2,2024-Q2,Q2 2024,21,22,Wednesday,0,0
2024-05-23,2024,5,May,2,2024-Q2,Q2 2024,21,23,Thursday,0,0
2024-05-24,2024,5,May,2,2024-Q2,Q2 2024,21,24,Friday,0,0
2024-05-25,2024,5,May,2,2024-Q2,Q2 2024,21,25,Saturday,1,0
2024-05-26,2024,5,May,2,2024-Q2,Q2 2024,21,26,Sunday,1,0
2024-05-27,2024,5,May,2,2024-Q2,Q2 2024,22,27,Monday,0,0
2024-05-28,2024,5,May,2,2024-Q2,Q2 2024,22,28,Tuesday,0,0
2024-05-29,2024,5,May,2,2024-Q2,Q2 2024,22,29,Wednesday,0,0
2024-05-30,2024,5,May,2,2024-Q2,Q2 2024,22,30,Thursday,0,0
2024-05-31,2024,5,May,2,2024-Q2,Q2 2024,22,31,Friday,0,0
2024-06-01,2024,6,June,2,2024-Q2,Q2 2024,22,1,Saturday,1,0
2024-06-02,2024,6,June,2,2024-Q2,Q2 2024,22,2,Sunday,1,0
2024-06-03,2024,6,June,2,2024-Q2,Q2 2024,23,3,Monday,0,0
2024-06-04,2024,6,June,2,2024-Q2,Q2 2024,23,4,Tuesday,0,0
2024-06-05,2024,6,June,2,2024-Q2,Q2 2024,23,5,Wednesday,0,0
2024-06-06,2024,6,June,2,2024-Q2,Q2 2024,23,6,Thursday,0,0
2024-06-07,2024,6,June,2,2024-Q2,Q2 2024,23,7,Friday,0,0
2024-06-08,2024,6,June,2,2024-Q2,Q2 2024,23,8,Saturday,1,0
2024-06-09,2024,6,June,2,2024-Q2,Q2 2024,23,9,Sunday,1,0
2024-06-10,2024,6,June,2,2024-Q2,Q2 2024,24,10,Monday,0,0
2024-06-11,2024,6,June,2,2024-Q2,Q2 2024,24,11,Tuesday,0,0
2024-06-12,2024,6,June,2,2024-Q2,Q2 2024,24,12,Wednesday,0,0
2024-06-13,2024,6,June,2,2024-Q2,Q2 2024,24,13,Thursday,0,0
2024-06-14,2024,6,June,2,2024-Q2,Q2 2024,24,14,Friday,0,0
2024-06-15,2024,6,June,2,2024-Q2,Q2 2024,24,15,Saturday,1,0
2024-06-16,2024,6,June,2,2024-Q2,Q2 2024,24,16,Sunday,1,0
2024-06-17,2024,6,June,2,2024-Q2,Q2 2024,25,17,Monday,0,0
2024-06-18,2024,6,June,2,2024-Q2,Q2 2024,25,18,Tuesday,0,0
2024-06-19,2024,6,June,2,2024-Q2,Q2 2024,25,19,Wednesday,0,0
2024-06-20,2024,6,June,2,2024-Q2,Q2 2024,25,20,Thursday,0,0
2024-06-21,2024,6,June,2,2024-Q2,Q2 2024,25,21,Friday,0,0
2024-06-22,2024,6,June,2,2024-Q2,Q2 2024,25,22,Saturday,1,0
2024-06-23,2024,6,June,2,2024-Q2,Q2 2024,25,23,Sunday,1,0
2024-06-24,2024,6,June,2,2024-Q2,Q2 2024,26,24,Monday,0,0
2024-06-25,2024,6,June,2,2024-Q2,Q2 2024,26,25,Tuesday,0,0
2024-06-26,2024,6,June,2,2024-Q2,Q2 2024,26,26,Wednesday,0,0
2024-06-27,2024,6,June,2,2024-Q2,Q2 2024,26,27,Thursday,0,0
2024-06-28,2024,6,June,2,2024-Q2,Q2 2024,26,28,Friday,0,0
2024-06-29,2024,6,June,2,2024-Q2,Q2 2024,26,29,Saturday,1,0
2024-06-30,2024,6,June,2,2024-Q2,Q2 2024,26,30,Sunday,1,0
2024-07-01,2024,7,July,3,2024-Q3,Q3 2024,27,1,Monday,0,0
2024-07-02,2024,7,July,3,2024-Q3,Q3 2024,27,2,Tuesday,0,0
2024-07-03,2024,7,July,3,2024-Q3,Q3 2024,27,3,Wednesday,0,0
2024-07-04,2024,7,July,3,2024-Q3,Q3 2024,27,4,Thursday,0,0
2024-07-05,2024,7,July,3,2024-Q3,Q3 2024,27,5,Friday,0,0
2024-07-06,2024,7,July,3,2024-Q3,Q3 2024,27,6,Saturday,1,0
2024-07-07,2024,7,July,3,2024-Q3,Q3 2024,27,7,Sunday,1,0
2024-07-08,2024,7,July,3,2024-Q3,Q3 2024,28,8,Monday,0,0
2024-07-09,2024,7,July,3,2024-Q3,Q3 2024,28,9,Tuesday,0,0
2024-07-10,2024,7,July,3,2024-Q3,Q3 2024,28,10,Wednesday,0,0
2024-07-11,2024,7,July,3,2024-Q3,Q3 2024,28,11,Thursday,0,0
2024-07-12,2024,7,July,3,2024-Q3,Q3 2024,28,12,Friday,0,0
2024-07-13,2024,7,July,3,2024-Q3,Q3 2024,28,13,Saturday,1,0
2024-07-14,2024,7,July,3,2024-Q3,Q3 2024,28,14,Sunday,1,0
2024-07-15,2024,7,July,3,2024-Q3,Q3 2024,29,15,Monday,0,0
2024-07-16,2024,7,July,3,2024-Q3,Q3 2024,29,16,Tuesday,0,0
2024-07-17,2024,7,July,3,2024-Q3,Q3 2024,29,17,Wednesday,0,0
2024-07-18,2024,7,July,3,2024-Q3,Q3 2024,29,18,Thursday,0,0
2024-07-19,2024,7,July,3,2024-Q3,Q3 2024,29,19,Friday,0,0
2024-07-20,2024,7,July,3,2024-Q3,Q3 2024,29,20,Saturday,1,0
2024-07-21,2024,7,July,3,2024-Q3,Q3 2024,29,21,Sunday,1,0
2024-07-22,2024,7,July,3,2024-Q3,Q3 2024,30,22,Monday,0,0
2024-07-23,2024,7,July,3,2024-Q3,Q3 2024,30,23,Tuesday,0,0
2024-07-24,2024,7,July,3,2024-Q3,Q3 2024,30,24,Wednesday,0,0
2024-07-25,2024,7,July,3,2024-Q3,Q3 2024,30,25,Thursday,0,0
2024-07-26,2024,7,July,3,2024-Q3,Q3 2024,30,26,Friday,0,0
2024-07-27,2024,7,July,3,2024-Q3,Q3 2024,30,27,Saturday,1,0
2024-07-28,2024,7,July,3,2024-Q3,Q3 2024,30,28,Sunday,1,0
2024-07-29,2024,7,July,3,2024-Q3,Q3 2024,31,29,Monday,0,0
2024-07-30,2024,7,July,3,2024-Q3,Q3 2024,31,30,Tuesday,0,0
2024-07-31,2024,7,July,3,2024-Q3,Q3 2024,31,31,Wednesday,0,0
2024-08-01,2024,8,August,3,2024-Q3,Q3 2024,31,1,Thursday,0,0
2024-08-02,2024,8,August,3,2024-Q3,Q3 2024,31,2,Friday,0,0
2024-08-03,2024,8,August,3,2024-Q3,Q3 2024,31,3,Saturday,1,0
2024-08-04,2024,8,August,3,2024-Q3,Q3 2024,31,4,Sunday,1,0
2024-08-05,2024,8,August,3,2024-Q3,Q3 2024,32,5,Monday,0,0
2024-08-06,2024,8,August,3,2024-Q3,Q3 2024,32,6,Tuesday,0,0
2024-08-07,2024,8,August,3,2024-Q3,Q3 2024,32,7,Wednesday,0,0
2024-08-08,2024,8,August,3,2024-Q3,Q3 2024,32,8,Thursday,0,0
2024-08-09,2024,8,August,3,2024-Q3,Q3 2024,32,9,Friday,0,0
2024-08-10,2024,8,August,3,2024-Q3,Q3 2024,32,10,Saturday,1,0
2024-08-11,2024,8,August,3,2024-Q3,Q3 2024,32,11,Sunday,1,0
2024-08-12,2024,8,August,3,2024-Q3,Q3 2024,33,12,Monday,0,0
2024-08-13,2024,8,August,3,2024-Q3,Q3 2024,33,13,Tuesday,0,0
2024-08-14,2024,8,August,3,2024-Q3,Q3 2024,33,14,Wednesday,0,0
2024-08-15,2024,8,August,3,2024-Q3,Q3 2024,33,15,Thursday,0,0
2024-08-16,2024,8,August,3,2024-Q3,Q3 2024,33,16,Friday,0,0
2024-08-17,2024,8,August,3,2024-Q3,Q3 2024,33,17,Saturday,1,0
2024-08-18,2024,8,August,3,2024-Q3,Q3 2024,33,18,Sunday,1,0
2024-08-19,2024,8,August,3,2024-Q3,Q3 2024,34,19,Monday,0,0
2024-08-20,2024,8,August,3,2024-Q3,Q3 2024,34,20,Tuesday,0,0
2024-08-21,2024,8,August,3,2024-Q3,Q3 2024,34,21,Wednesday,0,0
2024-08-22,2024,8,August,3,2024-Q3,Q3 2024,34,22,Thursday,0,0
2024-08-23,2024,8,August,3,2024-Q3,Q3 2024,34,23,Friday,0,0
2024-08-24,2024,8,August,3,2024-Q3,Q3 2024,34,24,Saturday,1,0
2024-08-25,2024,8,August,3,2024-Q3,Q3 2024,34,25,Sunday,1,0
2024-08-26,2024,8,August,3,2024-Q3,Q3 2024,35,26,Monday,0,0
2024-08-27,2024,8,August,3,2024-Q3,Q3 2024,35,27,Tuesday,0,0
2024-08-28,2024,8,August,3,2024-Q3,Q3 2024,35,28,Wednesday,0,0
2024-08-29,2024,8,August,3,2024-Q3,Q3 2024,35,29,Thursday,0,0
2024-08-30,2024,8,August,3,2024-Q3,Q3 2024,35,30,Friday,0,0
2024-08-31,2024,8,August,3,2024-Q3,Q3 2024,35,31,Saturday,1,0
2024-09-01,2024,9,September,3,2024-Q3,Q3 2024,35,1,Sunday,1,0
2024-09-02,2024,9,September,3,2024-Q3,Q3 2024,36,2,Monday,0,0
2024-09-03,2024,9,September,3,2024-Q3,Q3 2024,36,3,Tuesday,0,0
2024-09-04,2024,9,September,3,2024-Q3,Q3 2024,36,4,Wednesday,0,0
2024-09-05,2024,9,September,3,2024-Q3,Q3 2024,36,5,Thursday,0,0
2024-09-06,2024,9,September,3,2024-Q3,Q3 2024,36,6,Friday,0,0
2024-09-07,2024,9,September,3,2024-Q3,Q3 2024,36,7,Saturday,1,0
2024-09-08,2024,9,September,3,2024-Q3,Q3 2024,36,8,Sunday,1,0
2024-09-09,2024,9,September,3,2024-Q3,Q3 2024,37,9,Monday,0,0
2024-09-10,2024,9,September,3,2024-Q3,Q3 2024,37,10,Tuesday,0,0
2024-09-11,2024,9,September,3,2024-Q3,Q3 2024,37,11,Wednesday,0,0
2024-09-12,2024,9,September,3,2024-Q3,Q3 2024,37,12,Thursday,0,0
2024-09-13,2024,9,September,3,2024-Q3,Q3 2024,37,13,Friday,0,0
2024-09-14,2024,9,September,3,2024-Q3,Q3 2024,37,14,Saturday,1,0
2024-09-15,2024,9,September,3,2024-Q3,Q3 2024,37,15,Sunday,1,0
2024-09-16,2024,9,September,3,2024-Q3,Q3 2024,38,16,Monday,0,0
2024-09-17,2024,9,September,3,2024-Q3,Q3 2024,38,17,Tuesday,0,0
2024-09-18,2024,9,September,3,2024-Q3,Q3 2024,38,18,Wednesday,0,0
2024-09-19,2024,9,September,3,2024-Q3,Q3 2024,38,19,Thursday,0,0
2024-09-20,2024,9,September,3,2024-Q3,Q3 2024,38,20,Friday,0,0
2024-09-21,2024,9,September,3,2024-Q3,Q3 2024,38,21,Saturday,1,0
2024-09-22,2024,9,September,3,2024-Q3,Q3 2024,38,22,Sunday,1,0
2024-09-23,2024,9,September,3,2024-Q3,Q3 2024,39,23,Monday,0,0
2024-09-24,2024,9,September,3,2024-Q3,Q3 2024,39,24,Tuesday,0,0
2024-09-25,2024,9,September,3,2024-Q3,Q3 2024,39,25,Wednesday,0,0
2024-09-26,2024,9,September,3,2024-Q3,Q3 2024,39,26,Thursday,0,0
2024-09-27,2024,9,September,3,2024-Q3,Q3 2024,39,27,Friday,0,0
2024-09-28,2024,9,September,3,2024-Q3,Q3 2024,39,28,Saturday,1,0
2024-09-29,2024,9,September,3,2024-Q3,Q3 2024,39,29,Sunday,1,0
2024-09-30,2024,9,September,3,2024-Q3,Q3 2024,40,30,Monday,0,0
2024-10-01,2024,10,October,4,2024-Q4,Q4 2024,40,1,Tuesday,0,0
2024-10-02,2024,10,October,4,2024-Q4,Q4 2024,40,2,Wednesday,0,0
2024-10-03,2024,10,October,4,2024-Q4,Q4 2024,40,3,Thursday,0,0
2024-10-04,2024,10,October,4,2024-Q4,Q4 2024,40,4,Friday,0,0
2024-10-05,2024,10,October,4,2024-Q4,Q4 2024,40,5,Saturday,1,0
2024-10-06,2024,10,October,4,2024-Q4,Q4 2024,40,6,Sunday,1,0
2024-10-07,2024,10,October,4,2024-Q4,Q4 2024,41,7,Monday,0,0
2024-10-08,2024,10,October,4,2024-Q4,Q4 2024,41,8,Tuesday,0,0
2024-10-09,2024,10,October,4,2024-Q4,Q4 2024,41,9,Wednesday,0,0
2024-10-10,2024,10,October,4,2024-Q4,Q4 2024,41,10,Thursday,0,0
2024-10-11,2024,10,October,4,2024-Q4,Q4 2024,41,11,Friday,0,0
2024-10-12,2024,10,October,4,2024-Q4,Q4 2024,41,12,Saturday,1,0
2024-10-13,2024,10,October,4,2024-Q4,Q4 2024,41,13,Sunday,1,0
2024-10-14,2024,10,October,4,2024-Q4,Q4 2024,42,14,Monday,0,0
2024-10-15,2024,10,October,4,2024-Q4,Q4 2024,42,15,Tuesday,0,0
2024-10-16,2024,10,October,4,2024-Q4,Q4 2024,42,16,Wednesday,0,0
2024-10-17,2024,10,October,4,2024-Q4,Q4 2024,42,17,Thursday,0,0
2024-10-18,2024,10,October,4,2024-Q4,Q4 2024,42,18,Friday,0,0
2024-10-19,2024,10,October,4,2024-Q4,Q4 2024,42,19,Saturday,1,0
2024-10-20,2024,10,October,4,2024-Q4,Q4 2024,42,20,Sunday,1,0
2024-10-21,2024,10,October,4,2024-Q4,Q4 2024,43,21,Monday,0,0
2024-10-22,2024,10,October,4,2024-Q4,Q4 2024,43,22,Tuesday,0,0
2024-10-23,2024,10,October,4,2024-Q4,Q4 2024,43,23,Wednesday,0,0
2024-10-24,2024,10,October,4,2024-Q4,Q4 2024,43,24,Thursday,0,0
2024-10-25,2024,10,October,4,2024-Q4,Q4 2024,43,25,Friday,0,0
2024-10-26,2024,10,October,4,2024-Q4,Q4 2024,43,26,Saturday,1,0
2024-10-27,2024,10,October,4,2024-Q4,Q4 2024,43,27,Sunday,1,0
2024-10-28,2024,10,October,4,2024-Q4,Q4 2024,44,28,Monday,0,0
2024-10-29,2024,10,October,4,2024-Q4,Q4 2024,44,29,Tuesday,0,0
2024-10-30,2024,10,October,4,2024-Q4,Q4 2024,44,30,Wednesday,0,0
2024-10-31,2024,10,October,4,2024-Q4,Q4 2024,44,31,Thursday,0,0
2024-11-01,2024,11,November,4,2024-Q4,Q4 2024,44,1,Friday,0,0
2024-11-02,2024,11,November,4,2024-Q4,Q4 2024,44,2,Saturday,1,0
2024-11-03,2024,11,November,4,2024-Q4,Q4 2024,44,3,Sunday,1,0
2024-11-04,2024,11,November,4,2024-Q4,Q4 2024,45,4,Monday,0,0
2024-11-05,2024,11,November,4,2024-Q4,Q4 2024,45,5,Tuesday,0,0
2024-11-06,2024,11,November,4,2024-Q4,Q4 2024,45,6,Wednesday,0,0
2024-11-07,2024,11,November,4,2024-Q4,Q4 2024,45,7,Thursday,0,0
2024-11-08,2024,11,November,4,2024-Q4,Q4 2024,45,8,Friday,0,0
2024-11-09,2024,11,November,4,2024-Q4,Q4 2024,45,9,Saturday,1,0
2024-11-10,2024,11,November,4,2024-Q4,Q4 2024,45,10,Sunday,1,0
2024-11-11,2024,11,November,4,2024-Q4,Q4 2024,46,11,Monday,0,0
2024-11-12,2024,11,November,4,2024-Q4,Q4 2024,46,12,Tuesday,0,0
2024-11-13,2024,11,November,4,2024-Q4,Q4 2024,46,13,Wednesday,0,0
2024-11-14,2024,11,November,4,2024-Q4,Q4 2024,46,14,Thursday,0,0
2024-11-15,2024,11,November,4,2024-Q4,Q4 2024,46,15,Friday,0,0
2024-11-16,2024,11,November,4,2024-Q4,Q4 2024,46,16,Saturday,1,0
2024-11-17,2024,11,November,4,2024-Q4,Q4 2024,46,17,Sunday,1,0
2024-11-18,2024,11,November,4,2024-Q4,Q4 2024,47,18,Monday,0,0
2024-11-19,2024,11,November,4,2024-Q4,Q4 2024,47,19,Tuesday,0,0
2024-11-20,2024,11,November,4,2024-Q4,Q4 2024,47,20,Wednesday,0,0
2024-11-21,2024,11,November,4,2024-Q4,Q4 2024,47,21,Thursday,0,0
2024-11-22,2024,11,November,4,2024-Q4,Q4 2024,47,22,Friday,0,0
2024-11-23,2024,11,November,4,2024-Q4,Q4 2024,47,23,Saturday,1,0
2024-11-24,2024,11,November,4,2024-Q4,Q4 2024,47,24,Sunday,1,0
2024-11-25,2024,11,November,4,2024-Q4,Q4 2024,48,25,Monday,0,0
2024-11-26,2024,11,November,4,2024-Q4,Q4 2024,48,26,Tuesday,0,0
2024-11-27,2024,11,November,4,2024-Q4,Q4 2024,48,27,Wednesday,0,0
2024-11-28,2024,11,November,4,2024-Q4,Q4 2024,48,28,Thursday,0,0
2024-11-29,2024,11,November,4,2024-Q4,Q4 2024,48,29,Friday,0,0
2024-11-30,2024,11,November,4,2024-Q4,Q4 2024,48,30,Saturday,1,0
2024-12-01,2024,12,December,4,2024-Q4,Q4 2024,48,1,Sunday,1,0
2024-12-02,2024,12,December,4,2024-Q4,Q4 2024,49,2,Monday,0,0
2024-12-03,2024,12,December,4,2024-Q4,Q4 2024,49,3,Tuesday,0,0
2024-12-04,2024,12,December,4,2024-Q4,Q4 2024,49,4,Wednesday,0,0
2024-12-05,2024,12,December,4,2024-Q4,Q4 2024,49,5,Thursday,0,0
2024-12-06,2024,12,December,4,2024-Q4,Q4 2024,49,6,Friday,0,0
2024-12-07,2024,12,December,4,2024-Q4,Q4 2024,49,7,Saturday,1,0
2024-12-08,2024,12,December,4,2024-Q4,Q4 2024,49,8,Sunday,1,0
2024-12-09,2024,12,December,4,2024-Q4,Q4 2024,50,9,Monday,0,0
2024-12-10,2024,12,December,4,2024-Q4,Q4 2024,50,10,Tuesday,0,0
2024-12-11,2024,12,December,4,2024-Q4,Q4 2024,50,11,Wednesday,0,0
2024-12-12,2024,12,December,4,2024-Q4,Q4 2024,50,12,Thursday,0,0
2024-12-13,2024,12,December,4,2024-Q4,Q4 2024,50,13,Friday,0,0
2024-12-14,2024,12,December,4,2024-Q4,Q4 2024,50,14,Saturday,1,0
2024-12-15,2024,12,December,4,2024-Q4,Q4 2024,50,15,Sunday,1,1
2024-12-16,2024,12,December,4,2024-Q4,Q4 2024,51,16,Monday,0,1
2024-12-17,2024,12,December,4,2024-Q4,Q4 2024,51,17,Tuesday,0,1
2024-12-18,2024,12,December,4,2024-Q4,Q4 2024,51,18,Wednesday,0,1
2024-12-19,2024,12,December,4,2024-Q4,Q4 2024,51,19,Thursday,0,1
2024-12-20,2024,12,December,4,2024-Q4,Q4 2024,51,20,Friday,0,1
2024-12-21,2024,12,December,4,2024-Q4,Q4 2024,51,21,Saturday,1,1
2024-12-22,2024,12,December,4,2024-Q4,Q4 2024,51,22,Sunday,1,1
2024-12-23,2024,12,December,4,2024-Q4,Q4 2024,52,23,Monday,0,1
2024-12-24,2024,12,December,4,2024-Q4,Q4 2024,52,24,Tuesday,0,1
2024-12-25,2024,12,December,4,2024-Q4,Q4 2024,52,25,Wednesday,0,1
2024-12-26,2024,12,December,4,2024-Q4,Q4 2024,52,26,Thursday,0,1
2024-12-27,2024,12,December,4,2024-Q4,Q4 2024,52,27,Friday,0,1
2024-12-28,2024,12,December,4,2024-Q4,Q4 2024,52,28,Saturday,1,1
2024-12-29,2024,12,December,4,2024-Q4,Q4 2024,52,29,Sunday,1,1
2024-12-30,2024,12,December,4,2024-Q4,Q4 2024,1,30,Monday,0,1
2024-12-31,2024,12,December,4,2024-Q4,Q4 2024,1,31,Tuesday,0,1
2025-01-01,2025,1,January,1,2025-Q1,Q1 2025,1,1,Wednesday,0,0
2025-01-02,2025,1,January,1,2025-Q1,Q1 2025,1,2,Thursday,0,0
2025-01-03,2025,1,January,1,2025-Q1,Q1 2025,1,3,Friday,0,0
2025-01-04,2025,1,January,1,2025-Q1,Q1 2025,1,4,Saturday,1,0
2025-01-05,2025,1,January,1,2025-Q1,Q1 2025,1,5,Sunday,1,0
2025-01-06,2025,1,January,1,2025-Q1,Q1 2025,2,6,Monday,0,0
2025-01-07,2025,1,January,1,2025-Q1,Q1 2025,2,7,Tuesday,0,0
2025-01-08,2025,1,January,1,2025-Q1,Q1 2025,2,8,Wednesday,0,0
2025-01-09,2025,1,January,1,2025-Q1,Q1 2025,2,9,Thursday,0,0
2025-01-10,2025,1,January,1,2025-Q1,Q1 2025,2,10,Friday,0,0
2025-01-11,2025,1,January,1,2025-Q1,Q1 2025,2,11,Saturday,1,0
2025-01-12,2025,1,January,1,2025-Q1,Q1 2025,2,12,Sunday,1,0
2025-01-13,2025,1,January,1,2025-Q1,Q1 2025,3,13,Monday,0,0
2025-01-14,2025,1,January,1,2025-Q1,Q1 2025,3,14,Tuesday,0,0
2025-01-15,2025,1,January,1,2025-Q1,Q1 2025,3,15,Wednesday,0,0
2025-01-16,2025,1,January,1,2025-Q1,Q1 2025,3,16,Thursday,0,0
2025-01-17,2025,1,January,1,2025-Q1,Q1 2025,3,17,Friday,0,0
2025-01-18,2025,1,January,1,2025-Q1,Q1 2025,3,18,Saturday,1,0
2025-01-19,2025,1,January,1,2025-Q1,Q1 2025,3,19,Sunday,1,0
2025-01-20,2025,1,January,1,2025-Q1,Q1 2025,4,20,Monday,0,0
2025-01-21,2025,1,January,1,2025-Q1,Q1 2025,4,21,Tuesday,0,0
2025-01-22,2025,1,January,1,2025-Q1,Q1 2025,4,22,Wednesday,0,0
2025-01-23,2025,1,January,1,2025-Q1,Q1 2025,4,23,Thursday,0,0
2025-01-24,2025,1,January,1,2025-Q1,Q1 2025,4,24,Friday,0,0
2025-01-25,2025,1,January,1,2025-Q1,Q1 2025,4,25,Saturday,1,0
2025-01-26,2025,1,January,1,2025-Q1,Q1 2025,4,26,Sunday,1,0
2025-01-27,2025,1,January,1,2025-Q1,Q1 2025,5,27,Monday,0,0
2025-01-28,2025,1,January,1,2025-Q1,Q1 2025,5,28,Tuesday,0,0
2025-01-29,2025,1,January,1,2025-Q1,Q1 2025,5,29,Wednesday,0,0
2025-01-30,2025,1,January,1,2025-Q1,Q1 2025,5,30,Thursday,0,0
2025-01-31,2025,1,January,1,2025-Q1,Q1 2025,5,31,Friday,0,0
2025-02-01,2025,2,February,1,2025-Q1,Q1 2025,5,1,Saturday,1,0
2025-02-02,2025,2,February,1,2025-Q1,Q1 2025,5,2,Sunday,1,0
2025-02-03,2025,2,February,1,2025-Q1,Q1 2025,6,3,Monday,0,0
2025-02-04,2025,2,February,1,2025-Q1,Q1 2025,6,4,Tuesday,0,0
2025-02-05,2025,2,February,1,2025-Q1,Q1 2025,6,5,Wednesday,0,0
2025-02-06,2025,2,February,1,2025-Q1,Q1 2025,6,6,Thursday,0,0
2025-02-07,2025,2,February,1,2025-Q1,Q1 2025,6,7,Friday,0,0
2025-02-08,2025,2,February,1,2025-Q1,Q1 2025,6,8,Saturday,1,0
2025-02-09,2025,2,February,1,2025-Q1,Q1 2025,6,9,Sunday,1,0
2025-02-10,2025,2,February,1,2025-Q1,Q1 2025,7,10,Monday,0,0
2025-02-11,2025,2,February,1,2025-Q1,Q1 2025,7,11,Tuesday,0,0
2025-02-12,2025,2,February,1,2025-Q1,Q1 2025,7,12,Wednesday,0,0
2025-02-13,2025,2,February,1,2025-Q1,Q1 2025,7,13,Thursday,0,0
2025-02-14,2025,2,February,1,2025-Q1,Q1 2025,7,14,Friday,0,0
2025-02-15,2025,2,February,1,2025-Q1,Q1 2025,7,15,Saturday,1,0
2025-02-16,2025,2,February,1,2025-Q1,Q1 2025,7,16,Sunday,1,0
2025-02-17,2025,2,February,1,2025-Q1,Q1 2025,8,17,Monday,0,0
2025-02-18,2025,2,February,1,2025-Q1,Q1 2025,8,18,Tuesday,0,0
2025-02-19,2025,2,February,1,2025-Q1,Q1 2025,8,19,Wednesday,0,0
2025-02-20,2025,2,February,1,2025-Q1,Q1 2025,8,20,Thursday,0,0
2025-02-21,2025,2,February,1,2025-Q1,Q1 2025,8,21,Friday,0,0
2025-02-22,2025,2,February,1,2025-Q1,Q1 2025,8,22,Saturday,1,0
2025-02-23,2025,2,February,1,2025-Q1,Q1 2025,8,23,Sunday,1,0
2025-02-24,2025,2,February,1,2025-Q1,Q1 2025,9,24,Monday,0,0
2025-02-25,2025,2,February,1,2025-Q1,Q1 2025,9,25,Tuesday,0,0
2025-02-26,2025,2,February,1,2025-Q1,Q1 2025,9,26,Wednesday,0,0
2025-02-27,2025,2,February,1,2025-Q1,Q1 2025,9,27,Thursday,0,0
2025-02-28,2025,2,February,1,2025-Q1,Q1 2025,9,28,Friday,0,0
2025-03-01,2025,3,March,1,2025-Q1,Q1 2025,9,1,Saturday,1,0
2025-03-02,2025,3,March,1,2025-Q1,Q1 2025,9,2,Sunday,1,0
2025-03-03,2025,3,March,1,2025-Q1,Q1 2025,10,3,Monday,0,0
2025-03-04,2025,3,March,1,2025-Q1,Q1 2025,10,4,Tuesday,0,0
2025-03-05,2025,3,March,1,2025-Q1,Q1 2025,10,5,Wednesday,0,0
2025-03-06,2025,3,March,1,2025-Q1,Q1 2025,10,6,Thursday,0,0
2025-03-07,2025,3,March,1,2025-Q1,Q1 2025,10,7,Friday,0,0
2025-03-08,2025,3,March,1,2025-Q1,Q1 2025,10,8,Saturday,1,0
2025-03-09,2025,3,March,1,2025-Q1,Q1 2025,10,9,Sunday,1,0
2025-03-10,2025,3,March,1,2025-Q1,Q1 2025,11,10,Monday,0,0
2025-03-11,2025,3,March,1,2025-Q1,Q1 2025,11,11,Tuesday,0,0
2025-03-12,2025,3,March,1,2025-Q1,Q1 2025,11,12,Wednesday,0,0
2025-03-13,2025,3,March,1,2025-Q1,Q1 2025,11,13,Thursday,0,0
2025-03-14,2025,3,March,1,2025-Q1,Q1 2025,11,14,Friday,0,0
2025-03-15,2025,3,March,1,2025-Q1,Q1 2025,11,15,Saturday,1,0
2025-03-16,2025,3,March,1,2025-Q1,Q1 2025,11,16,Sunday,1,0
2025-03-17,2025,3,March,1,2025-Q1,Q1 2025,12,17,Monday,0,0
2025-03-18,2025,3,March,1,2025-Q1,Q1 2025,12,18,Tuesday,0,0
2025-03-19,2025,3,March,1,2025-Q1,Q1 2025,12,19,Wednesday,0,0
2025-03-20,2025,3,March,1,2025-Q1,Q1 2025,12,20,Thursday,0,0
2025-03-21,2025,3,March,1,2025-Q1,Q1 2025,12,21,Friday,0,0
2025-03-22,2025,3,March,1,2025-Q1,Q1 2025,12,22,Saturday,1,0
2025-03-23,2025,3,March,1,2025-Q1,Q1 2025,12,23,Sunday,1,0
2025-03-24,2025,3,March,1,2025-Q1,Q1 2025,13,24,Monday,0,0
2025-03-25,2025,3,March,1,2025-Q1,Q1 2025,13,25,Tuesday,0,0
2025-03-26,2025,3,March,1,2025-Q1,Q1 2025,13,26,Wednesday,0,0
2025-03-27,2025,3,March,1,2025-Q1,Q1 2025,13,27,Thursday,0,0
2025-03-28,2025,3,March,1,2025-Q1,Q1 2025,13,28,Friday,0,0
2025-03-29,2025,3,March,1,2025-Q1,Q1 2025,13,29,Saturday,1,0
2025-03-30,2025,3,March,1,2025-Q1,Q1 2025,13,30,Sunday,1,0
2025-03-31,2025,3,March,1,2025-Q1,Q1 2025,14,31,Monday,0,0
2025-04-01,2025,4,April,2,2025-Q2,Q2 2025,14,1,Tuesday,0,0
2025-04-02,2025,4,April,2,2025-Q2,Q2 2025,14,2,Wednesday,0,0
2025-04-03,2025,4,April,2,2025-Q2,Q2 2025,14,3,Thursday,0,0
2025-04-04,2025,4,April,2,2025-Q2,Q2 2025,14,4,Friday,0,0
2025-04-05,2025,4,April,2,2025-Q2,Q2 2025,14,5,Saturday,1,0
2025-04-06,2025,4,April,2,2025-Q2,Q2 2025,14,6,Sunday,1,0
2025-04-07,2025,4,April,2,2025-Q2,Q2 2025,15,7,Monday,0,0
2025-04-08,2025,4,April,2,2025-Q2,Q2 2025,15,8,Tuesday,0,0
2025-04-09,2025,4,April,2,2025-Q2,Q2 2025,15,9,Wednesday,0,0
2025-04-10,2025,4,April,2,2025-Q2,Q2 2025,15,10,Thursday,0,0
2025-04-11,2025,4,April,2,2025-Q2,Q2 2025,15,11,Friday,0,0
2025-04-12,2025,4,April,2,2025-Q2,Q2 2025,15,12,Saturday,1,0
2025-04-13,2025,4,April,2,2025-Q2,Q2 2025,15,13,Sunday,1,0
2025-04-14,2025,4,April,2,2025-Q2,Q2 2025,16,14,Monday,0,0
2025-04-15,2025,4,April,2,2025-Q2,Q2 2025,16,15,Tuesday,0,0
2025-04-16,2025,4,April,2,2025-Q2,Q2 2025,16,16,Wednesday,0,0
2025-04-17,2025,4,April,2,2025-Q2,Q2 2025,16,17,Thursday,0,0
2025-04-18,2025,4,April,2,2025-Q2,Q2 2025,16,18,Friday,0,0
2025-04-19,2025,4,April,2,2025-Q2,Q2 2025,16,19,Saturday,1,0
2025-04-20,2025,4,April,2,2025-Q2,Q2 2025,16,20,Sunday,1,0
2025-04-21,2025,4,April,2,2025-Q2,Q2 2025,17,21,Monday,0,0
2025-04-22,2025,4,April,2,2025-Q2,Q2 2025,17,22,Tuesday,0,0
2025-04-23,2025,4,April,2,2025-Q2,Q2 2025,17,23,Wednesday,0,0
2025-04-24,2025,4,April,2,2025-Q2,Q2 2025,17,24,Thursday,0,0
2025-04-25,2025,4,April,2,2025-Q2,Q2 2025,17,25,Friday,0,0
2025-04-26,2025,4,April,2,2025-Q2,Q2 2025,17,26,Saturday,1,0
2025-04-27,2025,4,April,2,2025-Q2,Q2 2025,17,27,Sunday,1,0
2025-04-28,2025,4,April,2,2025-Q2,Q2 2025,18,28,Monday,0,0
2025-04-29,2025,4,April,2,2025-Q2,Q2 2025,18,29,Tuesday,0,0
2025-04-30,2025,4,April,2,2025-Q2,Q2 2025,18,30,Wednesday,0,0
2025-05-01,2025,5,May,2,2025-Q2,Q2 2025,18,1,Thursday,0,0
2025-05-02,2025,5,May,2,2025-Q2,Q2 2025,18,2,Friday,0,0
2025-05-03,2025,5,May,2,2025-Q2,Q2 2025,18,3,Saturday,1,0
2025-05-04,2025,5,May,2,2025-Q2,Q2 2025,18,4,Sunday,1,0
2025-05-05,2025,5,May,2,2025-Q2,Q2 2025,19,5,Monday,0,0
2025-05-06,2025,5,May,2,2025-Q2,Q2 2025,19,6,Tuesday,0,0
2025-05-07,2025,5,May,2,2025-Q2,Q2 2025,19,7,Wednesday,0,0
2025-05-08,2025,5,May,2,2025-Q2,Q2 2025,19,8,Thursday,0,0
2025-05-09,2025,5,May,2,2025-Q2,Q2 2025,19,9,Friday,0,0
2025-05-10,2025,5,May,2,2025-Q2,Q2 2025,19,10,Saturday,1,0
2025-05-11,2025,5,May,2,2025-Q2,Q2 2025,19,11,Sunday,1,0
2025-05-12,2025,5,May,2,2025-Q2,Q2 2025,20,12,Monday,0,0
2025-05-13,2025,5,May,2,2025-Q2,Q2 2025,20,13,Tuesday,0,0
2025-05-14,2025,5,May,2,2025-Q2,Q2 2025,20,14,Wednesday,0,0
2025-05-15,2025,5,May,2,2025-Q2,Q2 2025,20,15,Thursday,0,0
2025-05-16,2025,5,May,2,2025-Q2,Q2 2025,20,16,Friday,0,0
2025-05-17,2025,5,May,2,2025-Q2,Q2 2025,20,17,Saturday,1,0
2025-05-18,2025,5,May,2,2025-Q2,Q2 2025,20,18,Sunday,1,0
2025-05-19,2025,5,May,2,2025-Q2,Q2 2025,21,19,Monday,0,0
2025-05-20,2025,5,May,2,2025-Q2,Q2 2025,21,20,Tuesday,0,0
2025-05-21,2025,5,May,2,2025-Q2,Q2 2025,21,21,Wednesday,0,0
2025-05-22,2025,5,May,2,2025-Q2,Q2 2025,21,22,Thursday,0,0
2025-05-23,2025,5,May,2,2025-Q2,Q2 2025,21,23,Friday,0,0
2025-05-24,2025,5,May,2,2025-Q2,Q2 2025,21,24,Saturday,1,0
2025-05-25,2025,5,May,2,2025-Q2,Q2 2025,21,25,Sunday,1,0
2025-05-26,2025,5,May,2,2025-Q2,Q2 2025,22,26,Monday,0,0
2025-05-27,2025,5,May,2,2025-Q2,Q2 2025,22,27,Tuesday,0,0
2025-05-28,2025,5,May,2,2025-Q2,Q2 2025,22,28,Wednesday,0,0
2025-05-29,2025,5,May,2,2025-Q2,Q2 2025,22,29,Thursday,0,0
2025-05-30,2025,5,May,2,2025-Q2,Q2 2025,22,30,Friday,0,0
2025-05-31,2025,5,May,2,2025-Q2,Q2 2025,22,31,Saturday,1,0
2025-06-01,2025,6,June,2,2025-Q2,Q2 2025,22,1,Sunday,1,0
2025-06-02,2025,6,June,2,2025-Q2,Q2 2025,23,2,Monday,0,0
2025-06-03,2025,6,June,2,2025-Q2,Q2 2025,23,3,Tuesday,0,0
2025-06-04,2025,6,June,2,2025-Q2,Q2 2025,23,4,Wednesday,0,0
2025-06-05,2025,6,June,2,2025-Q2,Q2 2025,23,5,Thursday,0,0
2025-06-06,2025,6,June,2,2025-Q2,Q2 2025,23,6,Friday,0,0
2025-06-07,2025,6,June,2,2025-Q2,Q2 2025,23,7,Saturday,1,0
2025-06-08,2025,6,June,2,2025-Q2,Q2 2025,23,8,Sunday,1,0
2025-06-09,2025,6,June,2,2025-Q2,Q2 2025,24,9,Monday,0,0
2025-06-10,2025,6,June,2,2025-Q2,Q2 2025,24,10,Tuesday,0,0
2025-06-11,2025,6,June,2,2025-Q2,Q2 2025,24,11,Wednesday,0,0
2025-06-12,2025,6,June,2,2025-Q2,Q2 2025,24,12,Thursday,0,0
2025-06-13,2025,6,June,2,2025-Q2,Q2 2025,24,13,Friday,0,0
2025-06-14,2025,6,June,2,2025-Q2,Q2 2025,24,14,Saturday,1,0
2025-06-15,2025,6,June,2,2025-Q2,Q2 2025,24,15,Sunday,1,0
2025-06-16,2025,6,June,2,2025-Q2,Q2 2025,25,16,Monday,0,0
2025-06-17,2025,6,June,2,2025-Q2,Q2 2025,25,17,Tuesday,0,0
2025-06-18,2025,6,June,2,2025-Q2,Q2 2025,25,18,Wednesday,0,0
2025-06-19,2025,6,June,2,2025-Q2,Q2 2025,25,19,Thursday,0,0
2025-06-20,2025,6,June,2,2025-Q2,Q2 2025,25,20,Friday,0,0
2025-06-21,2025,6,June,2,2025-Q2,Q2 2025,25,21,Saturday,1,0
2025-06-22,2025,6,June,2,2025-Q2,Q2 2025,25,22,Sunday,1,0
2025-06-23,2025,6,June,2,2025-Q2,Q2 2025,26,23,Monday,0,0
2025-06-24,2025,6,June,2,2025-Q2,Q2 2025,26,24,Tuesday,0,0
2025-06-25,2025,6,June,2,2025-Q2,Q2 2025,26,25,Wednesday,0,0
2025-06-26,2025,6,June,2,2025-Q2,Q2 2025,26,26,Thursday,0,0
2025-06-27,2025,6,June,2,2025-Q2,Q2 2025,26,27,Friday,0,0
2025-06-28,2025,6,June,2,2025-Q2,Q2 2025,26,28,Saturday,1,0
2025-06-29,2025,6,June,2,2025-Q2,Q2 2025,26,29,Sunday,1,0
2025-06-30,2025,6,June,2,2025-Q2,Q2 2025,27,30,Monday,0,0
2025-07-01,2025,7,July,3,2025-Q3,Q3 2025,27,1,Tuesday,0,0
2025-07-02,2025,7,July,3,2025-Q3,Q3 2025,27,2,Wednesday,0,0
2025-07-03,2025,7,July,3,2025-Q3,Q3 2025,27,3,Thursday,0,0
2025-07-04,2025,7,July,3,2025-Q3,Q3 2025,27,4,Friday,0,0
2025-07-05,2025,7,July,3,2025-Q3,Q3 2025,27,5,Saturday,1,0
2025-07-06,2025,7,July,3,2025-Q3,Q3 2025,27,6,Sunday,1,0
2025-07-07,2025,7,July,3,2025-Q3,Q3 2025,28,7,Monday,0,0
2025-07-08,2025,7,July,3,2025-Q3,Q3 2025,28,8,Tuesday,0,0
2025-07-09,2025,7,July,3,2025-Q3,Q3 2025,28,9,Wednesday,0,0
2025-07-10,2025,7,July,3,2025-Q3,Q3 2025,28,10,Thursday,0,0
2025-07-11,2025,7,July,3,2025-Q3,Q3 2025,28,11,Friday,0,0
2025-07-12,2025,7,July,3,2025-Q3,Q3 2025,28,12,Saturday,1,0
2025-07-13,2025,7,July,3,2025-Q3,Q3 2025,28,13,Sunday,1,0
2025-07-14,2025,7,July,3,2025-Q3,Q3 2025,29,14,Monday,0,0
2025-07-15,2025,7,July,3,2025-Q3,Q3 2025,29,15,Tuesday,0,0
2025-07-16,2025,7,July,3,2025-Q3,Q3 2025,29,16,Wednesday,0,0
2025-07-17,2025,7,July,3,2025-Q3,Q3 2025,29,17,Thursday,0,0
2025-07-18,2025,7,July,3,2025-Q3,Q3 2025,29,18,Friday,0,0
2025-07-19,2025,7,July,3,2025-Q3,Q3 2025,29,19,Saturday,1,0
2025-07-20,2025,7,July,3,2025-Q3,Q3 2025,29,20,Sunday,1,0
2025-07-21,2025,7,July,3,2025-Q3,Q3 2025,30,21,Monday,0,0
2025-07-22,2025,7,July,3,2025-Q3,Q3 2025,30,22,Tuesday,0,0
2025-07-23,2025,7,July,3,2025-Q3,Q3 2025,30,23,Wednesday,0,0
2025-07-24,2025,7,July,3,2025-Q3,Q3 2025,30,24,Thursday,0,0
2025-07-25,2025,7,July,3,2025-Q3,Q3 2025,30,25,Friday,0,0
2025-07-26,2025,7,July,3,2025-Q3,Q3 2025,30,26,Saturday,1,0
2025-07-27,2025,7,July,3,2025-Q3,Q3 2025,30,27,Sunday,1,0
2025-07-28,2025,7,July,3,2025-Q3,Q3 2025,31,28,Monday,0,0
2025-07-29,2025,7,July,3,2025-Q3,Q3 2025,31,29,Tuesday,0,0
2025-07-30,2025,7,July,3,2025-Q3,Q3 2025,31,30,Wednesday,0,0
2025-07-31,2025,7,July,3,2025-Q3,Q3 2025,31,31,Thursday,0,0
2025-08-01,2025,8,August,3,2025-Q3,Q3 2025,31,1,Friday,0,0
2025-08-02,2025,8,August,3,2025-Q3,Q3 2025,31,2,Saturday,1,0
2025-08-03,2025,8,August,3,2025-Q3,Q3 2025,31,3,Sunday,1,0
2025-08-04,2025,8,August,3,2025-Q3,Q3 2025,32,4,Monday,0,0
2025-08-05,2025,8,August,3,2025-Q3,Q3 2025,32,5,Tuesday,0,0
2025-08-06,2025,8,August,3,2025-Q3,Q3 2025,32,6,Wednesday,0,0
2025-08-07,2025,8,August,3,2025-Q3,Q3 2025,32,7,Thursday,0,0
2025-08-08,2025,8,August,3,2025-Q3,Q3 2025,32,8,Friday,0,0
2025-08-09,2025,8,August,3,2025-Q3,Q3 2025,32,9,Saturday,1,0
2025-08-10,2025,8,August,3,2025-Q3,Q3 2025,32,10,Sunday,1,0
2025-08-11,2025,8,August,3,2025-Q3,Q3 2025,33,11,Monday,0,0
2025-08-12,2025,8,August,3,2025-Q3,Q3 2025,33,12,Tuesday,0,0
2025-08-13,2025,8,August,3,2025-Q3,Q3 2025,33,13,Wednesday,0,0
2025-08-14,2025,8,August,3,2025-Q3,Q3 2025,33,14,Thursday,0,0
2025-08-15,2025,8,August,3,2025-Q3,Q3 2025,33,15,Friday,0,0
2025-08-16,2025,8,August,3,2025-Q3,Q3 2025,33,16,Saturday,1,0
2025-08-17,2025,8,August,3,2025-Q3,Q3 2025,33,17,Sunday,1,0
2025-08-18,2025,8,August,3,2025-Q3,Q3 2025,34,18,Monday,0,0
2025-08-19,2025,8,August,3,2025-Q3,Q3 2025,34,19,Tuesday,0,0
2025-08-20,2025,8,August,3,2025-Q3,Q3 2025,34,20,Wednesday,0,0
2025-08-21,2025,8,August,3,2025-Q3,Q3 2025,34,21,Thursday,0,0
2025-08-22,2025,8,August,3,2025-Q3,Q3 2025,34,22,Friday,0,0
2025-08-23,2025,8,August,3,2025-Q3,Q3 2025,34,23,Saturday,1,0
2025-08-24,2025,8,August,3,2025-Q3,Q3 2025,34,24,Sunday,1,0
2025-08-25,2025,8,August,3,2025-Q3,Q3 2025,35,25,Monday,0,0
2025-08-26,2025,8,August,3,2025-Q3,Q3 2025,35,26,Tuesday,0,0
2025-08-27,2025,8,August,3,2025-Q3,Q3 2025,35,27,Wednesday,0,0
2025-08-28,2025,8,August,3,2025-Q3,Q3 2025,35,28,Thursday,0,0
2025-08-29,2025,8,August,3,2025-Q3,Q3 2025,35,29,Friday,0,0
2025-08-30,2025,8,August,3,2025-Q3,Q3 2025,35,30,Saturday,1,0
2025-08-31,2025,8,August,3,2025-Q3,Q3 2025,35,31,Sunday,1,0
2025-09-01,2025,9,September,3,2025-Q3,Q3 2025,36,1,Monday,0,0
2025-09-02,2025,9,September,3,2025-Q3,Q3 2025,36,2,Tuesday,0,0
2025-09-03,2025,9,September,3,2025-Q3,Q3 2025,36,3,Wednesday,0,0
2025-09-04,2025,9,September,3,2025-Q3,Q3 2025,36,4,Thursday,0,0
2025-09-05,2025,9,September,3,2025-Q3,Q3 2025,36,5,Friday,0,0
2025-09-06,2025,9,September,3,2025-Q3,Q3 2025,36,6,Saturday,1,0
2025-09-07,2025,9,September,3,2025-Q3,Q3 2025,36,7,Sunday,1,0
2025-09-08,2025,9,September,3,2025-Q3,Q3 2025,37,8,Monday,0,0
2025-09-09,2025,9,September,3,2025-Q3,Q3 2025,37,9,Tuesday,0,0
2025-09-10,2025,9,September,3,2025-Q3,Q3 2025,37,10,Wednesday,0,0
2025-09-11,2025,9,September,3,2025-Q3,Q3 2025,37,11,Thursday,0,0
2025-09-12,2025,9,September,3,2025-Q3,Q3 2025,37,12,Friday,0,0
2025-09-13,2025,9,September,3,2025-Q3,Q3 2025,37,13,Saturday,1,0
2025-09-14,2025,9,September,3,2025-Q3,Q3 2025,37,14,Sunday,1,0
2025-09-15,2025,9,September,3,2025-Q3,Q3 2025,38,15,Monday,0,0
2025-09-16,2025,9,September,3,2025-Q3,Q3 2025,38,16,Tuesday,0,0
2025-09-17,2025,9,September,3,2025-Q3,Q3 2025,38,17,Wednesday,0,0
2025-09-18,2025,9,September,3,2025-Q3,Q3 2025,38,18,Thursday,0,0
2025-09-19,2025,9,September,3,2025-Q3,Q3 2025,38,19,Friday,0,0
2025-09-20,2025,9,September,3,2025-Q3,Q3 2025,38,20,Saturday,1,0
2025-09-21,2025,9,September,3,2025-Q3,Q3 2025,38,21,Sunday,1,0
2025-09-22,2025,9,September,3,2025-Q3,Q3 2025,39,22,Monday,0,0
2025-09-23,2025,9,September,3,2025-Q3,Q3 2025,39,23,Tuesday,0,0
2025-09-24,2025,9,September,3,2025-Q3,Q3 2025,39,24,Wednesday,0,0
2025-09-25,2025,9,September,3,2025-Q3,Q3 2025,39,25,Thursday,0,0
2025-09-26,2025,9,September,3,2025-Q3,Q3 2025,39,26,Friday,0,0
2025-09-27,2025,9,September,3,2025-Q3,Q3 2025,39,27,Saturday,1,0
2025-09-28,2025,9,September,3,2025-Q3,Q3 2025,39,28,Sunday,1,0
2025-09-29,2025,9,September,3,2025-Q3,Q3 2025,40,29,Monday,0,0
2025-09-30,2025,9,September,3,2025-Q3,Q3 2025,40,30,Tuesday,0,0
2025-10-01,2025,10,October,4,2025-Q4,Q4 2025,40,1,Wednesday,0,0
2025-10-02,2025,10,October,4,2025-Q4,Q4 2025,40,2,Thursday,0,0
2025-10-03,2025,10,October,4,2025-Q4,Q4 2025,40,3,Friday,0,0
2025-10-04,2025,10,October,4,2025-Q4,Q4 2025,40,4,Saturday,1,0
2025-10-05,2025,10,October,4,2025-Q4,Q4 2025,40,5,Sunday,1,0
2025-10-06,2025,10,October,4,2025-Q4,Q4 2025,41,6,Monday,0,0
2025-10-07,2025,10,October,4,2025-Q4,Q4 2025,41,7,Tuesday,0,0
2025-10-08,2025,10,October,4,2025-Q4,Q4 2025,41,8,Wednesday,0,0
2025-10-09,2025,10,October,4,2025-Q4,Q4 2025,41,9,Thursday,0,0
2025-10-10,2025,10,October,4,2025-Q4,Q4 2025,41,10,Friday,0,0
2025-10-11,2025,10,October,4,2025-Q4,Q4 2025,41,11,Saturday,1,0
2025-10-12,2025,10,October,4,2025-Q4,Q4 2025,41,12,Sunday,1,0
2025-10-13,2025,10,October,4,2025-Q4,Q4 2025,42,13,Monday,0,0
2025-10-14,2025,10,October,4,2025-Q4,Q4 2025,42,14,Tuesday,0,0
2025-10-15,2025,10,October,4,2025-Q4,Q4 2025,42,15,Wednesday,0,0
2025-10-16,2025,10,October,4,2025-Q4,Q4 2025,42,16,Thursday,0,0
2025-10-17,2025,10,October,4,2025-Q4,Q4 2025,42,17,Friday,0,0
2025-10-18,2025,10,October,4,2025-Q4,Q4 2025,42,18,Saturday,1,0
2025-10-19,2025,10,October,4,2025-Q4,Q4 2025,42,19,Sunday,1,0
2025-10-20,2025,10,October,4,2025-Q4,Q4 2025,43,20,Monday,0,0
2025-10-21,2025,10,October,4,2025-Q4,Q4 2025,43,21,Tuesday,0,0
2025-10-22,2025,10,October,4,2025-Q4,Q4 2025,43,22,Wednesday,0,0
2025-10-23,2025,10,October,4,2025-Q4,Q4 2025,43,23,Thursday,0,0
2025-10-24,2025,10,October,4,2025-Q4,Q4 2025,43,24,Friday,0,0
2025-10-25,2025,10,October,4,2025-Q4,Q4 2025,43,25,Saturday,1,0
2025-10-26,2025,10,October,4,2025-Q4,Q4 2025,43,26,Sunday,1,0
2025-10-27,2025,10,October,4,2025-Q4,Q4 2025,44,27,Monday,0,0
2025-10-28,2025,10,October,4,2025-Q4,Q4 2025,44,28,Tuesday,0,0
2025-10-29,2025,10,October,4,2025-Q4,Q4 2025,44,29,Wednesday,0,0
2025-10-30,2025,10,October,4,2025-Q4,Q4 2025,44,30,Thursday,0,0
2025-10-31,2025,10,October,4,2025-Q4,Q4 2025,44,31,Friday,0,0
2025-11-01,2025,11,November,4,2025-Q4,Q4 2025,44,1,Saturday,1,0
2025-11-02,2025,11,November,4,2025-Q4,Q4 2025,44,2,Sunday,1,0
2025-11-03,2025,11,November,4,2025-Q4,Q4 2025,45,3,Monday,0,0
2025-11-04,2025,11,November,4,2025-Q4,Q4 2025,45,4,Tuesday,0,0
2025-11-05,2025,11,November,4,2025-Q4,Q4 2025,45,5,Wednesday,0,0
2025-11-06,2025,11,November,4,2025-Q4,Q4 2025,45,6,Thursday,0,0
2025-11-07,2025,11,November,4,2025-Q4,Q4 2025,45,7,Friday,0,0
2025-11-08,2025,11,November,4,2025-Q4,Q4 2025,45,8,Saturday,1,0
2025-11-09,2025,11,November,4,2025-Q4,Q4 2025,45,9,Sunday,1,0
2025-11-10,2025,11,November,4,2025-Q4,Q4 2025,46,10,Monday,0,0
2025-11-11,2025,11,November,4,2025-Q4,Q4 2025,46,11,Tuesday,0,0
2025-11-12,2025,11,November,4,2025-Q4,Q4 2025,46,12,Wednesday,0,0
2025-11-13,2025,11,November,4,2025-Q4,Q4 2025,46,13,Thursday,0,0
2025-11-14,2025,11,November,4,2025-Q4,Q4 2025,46,14,Friday,0,0
2025-11-15,2025,11,November,4,2025-Q4,Q4 2025,46,15,Saturday,1,0
2025-11-16,2025,11,November,4,2025-Q4,Q4 2025,46,16,Sunday,1,0
2025-11-17,2025,11,November,4,2025-Q4,Q4 2025,47,17,Monday,0,0
2025-11-18,2025,11,November,4,2025-Q4,Q4 2025,47,18,Tuesday,0,0
2025-11-19,2025,11,November,4,2025-Q4,Q4 2025,47,19,Wednesday,0,0
2025-11-20,2025,11,November,4,2025-Q4,Q4 2025,47,20,Thursday,0,0
2025-11-21,2025,11,November,4,2025-Q4,Q4 2025,47,21,Friday,0,0
2025-11-22,2025,11,November,4,2025-Q4,Q4 2025,47,22,Saturday,1,0
2025-11-23,2025,11,November,4,2025-Q4,Q4 2025,47,23,Sunday,1,0
2025-11-24,2025,11,November,4,2025-Q4,Q4 2025,48,24,Monday,0,0
2025-11-25,2025,11,November,4,2025-Q4,Q4 2025,48,25,Tuesday,0,0
2025-11-26,2025,11,November,4,2025-Q4,Q4 2025,48,26,Wednesday,0,0
2025-11-27,2025,11,November,4,2025-Q4,Q4 2025,48,27,Thursday,0,0
2025-11-28,2025,11,November,4,2025-Q4,Q4 2025,48,28,Friday,0,0
2025-11-29,2025,11,November,4,2025-Q4,Q4 2025,48,29,Saturday,1,0
2025-11-30,2025,11,November,4,2025-Q4,Q4 2025,48,30,Sunday,1,0
2025-12-01,2025,12,December,4,2025-Q4,Q4 2025,49,1,Monday,0,0
2025-12-02,2025,12,December,4,2025-Q4,Q4 2025,49,2,Tuesday,0,0
2025-12-03,2025,12,December,4,2025-Q4,Q4 2025,49,3,Wednesday,0,0
2025-12-04,2025,12,December,4,2025-Q4,Q4 2025,49,4,Thursday,0,0
2025-12-05,2025,12,December,4,2025-Q4,Q4 2025,49,5,Friday,0,0
2025-12-06,2025,12,December,4,2025-Q4,Q4 2025,49,6,Saturday,1,0
2025-12-07,2025,12,December,4,2025-Q4,Q4 2025,49,7,Sunday,1,0
2025-12-08,2025,12,December,4,2025-Q4,Q4 2025,50,8,Monday,0,0
2025-12-09,2025,12,December,4,2025-Q4,Q4 2025,50,9,Tuesday,0,0
2025-12-10,2025,12,December,4,2025-Q4,Q4 2025,50,10,Wednesday,0,0
2025-12-11,2025,12,December,4,2025-Q4,Q4 2025,50,11,Thursday,0,0
2025-12-12,2025,12,December,4,2025-Q4,Q4 2025,50,12,Friday,0,0
2025-12-13,2025,12,December,4,2025-Q4,Q4 2025,50,13,Saturday,1,0
2025-12-14,2025,12,December,4,2025-Q4,Q4 2025,50,14,Sunday,1,0
2025-12-15,2025,12,December,4,2025-Q4,Q4 2025,51,15,Monday,0,1
2025-12-16,2025,12,December,4,2025-Q4,Q4 2025,51,16,Tuesday,0,1
2025-12-17,2025,12,December,4,2025-Q4,Q4 2025,51,17,Wednesday,0,1
2025-12-18,2025,12,December,4,2025-Q4,Q4 2025,51,18,Thursday,0,1
2025-12-19,2025,12,December,4,2025-Q4,Q4 2025,51,19,Friday,0,1
2025-12-20,2025,12,December,4,2025-Q4,Q4 2025,51,20,Saturday,1,1
2025-12-21,2025,12,December,4,2025-Q4,Q4 2025,51,21,Sunday,1,1
2025-12-22,2025,12,December,4,2025-Q4,Q4 2025,52,22,Monday,0,1
2025-12-23,2025,12,December,4,2025-Q4,Q4 2025,52,23,Tuesday,0,1
2025-12-24,2025,12,December,4,2025-Q4,Q4 2025,52,24,Wednesday,0,1
2025-12-25,2025,12,December,4,2025-Q4,Q4 2025,52,25,Thursday,0,1
2025-12-26,2025,12,December,4,2025-Q4,Q4 2025,52,26,Friday,0,1
2025-12-27,2025,12,December,4,2025-Q4,Q4 2025,52,27,Saturday,1,1
2025-12-28,2025,12,December,4,2025-Q4,Q4 2025,52,28,Sunday,1,1
2025-12-29,2025,12,December,4,2025-Q4,Q4 2025,1,29,Monday,0,1
2025-12-30,2025,12,December,4,2025-Q4,Q4 2025,1,30,Tuesday,0,1
2025-12-31,2025,12,December,4,2025-Q4,Q4 2025,1,31,Wednesday,0,1
2026-01-01,2026,1,January,1,2026-Q1,Q1 2026,1,1,Thursday,0,0
2026-01-02,2026,1,January,1,2026-Q1,Q1 2026,1,2,Friday,0,0
2026-01-03,2026,1,January,1,2026-Q1,Q1 2026,1,3,Saturday,1,0
2026-01-04,2026,1,January,1,2026-Q1,Q1 2026,1,4,Sunday,1,0
2026-01-05,2026,1,January,1,2026-Q1,Q1 2026,2,5,Monday,0,0
2026-01-06,2026,1,January,1,2026-Q1,Q1 2026,2,6,Tuesday,0,0
2026-01-07,2026,1,January,1,2026-Q1,Q1 2026,2,7,Wednesday,0,0
2026-01-08,2026,1,January,1,2026-Q1,Q1 2026,2,8,Thursday,0,0
2026-01-09,2026,1,January,1,2026-Q1,Q1 2026,2,9,Friday,0,0
2026-01-10,2026,1,January,1,2026-Q1,Q1 2026,2,10,Saturday,1,0
2026-01-11,2026,1,January,1,2026-Q1,Q1 2026,2,11,Sunday,1,0
2026-01-12,2026,1,January,1,2026-Q1,Q1 2026,3,12,Monday,0,0
2026-01-13,2026,1,January,1,2026-Q1,Q1 2026,3,13,Tuesday,0,0
2026-01-14,2026,1,January,1,2026-Q1,Q1 2026,3,14,Wednesday,0,0
2026-01-15,2026,1,January,1,2026-Q1,Q1 2026,3,15,Thursday,0,0
2026-01-16,2026,1,January,1,2026-Q1,Q1 2026,3,16,Friday,0,0
2026-01-17,2026,1,January,1,2026-Q1,Q1 2026,3,17,Saturday,1,0
2026-01-18,2026,1,January,1,2026-Q1,Q1 2026,3,18,Sunday,1,0
2026-01-19,2026,1,January,1,2026-Q1,Q1 2026,4,19,Monday,0,0
2026-01-20,2026,1,January,1,2026-Q1,Q1 2026,4,20,Tuesday,0,0
2026-01-21,2026,1,January,1,2026-Q1,Q1 2026,4,21,Wednesday,0,0
2026-01-22,2026,1,January,1,2026-Q1,Q1 2026,4,22,Thursday,0,0
2026-01-23,2026,1,January,1,2026-Q1,Q1 2026,4,23,Friday,0,0
2026-01-24,2026,1,January,1,2026-Q1,Q1 2026,4,24,Saturday,1,0
2026-01-25,2026,1,January,1,2026-Q1,Q1 2026,4,25,Sunday,1,0
2026-01-26,2026,1,January,1,2026-Q1,Q1 2026,5,26,Monday,0,0
2026-01-27,2026,1,January,1,2026-Q1,Q1 2026,5,27,Tuesday,0,0
2026-01-28,2026,1,January,1,2026-Q1,Q1 2026,5,28,Wednesday,0,0
2026-01-29,2026,1,January,1,2026-Q1,Q1 2026,5,29,Thursday,0,0
2026-01-30,2026,1,January,1,2026-Q1,Q1 2026,5,30,Friday,0,0
2026-01-31,2026,1,January,1,2026-Q1,Q1 2026,5,31,Saturday,1,0
2026-02-01,2026,2,February,1,2026-Q1,Q1 2026,5,1,Sunday,1,0
2026-02-02,2026,2,February,1,2026-Q1,Q1 2026,6,2,Monday,0,0
2026-02-03,2026,2,February,1,2026-Q1,Q1 2026,6,3,Tuesday,0,0
2026-02-04,2026,2,February,1,2026-Q1,Q1 2026,6,4,Wednesday,0,0
2026-02-05,2026,2,February,1,2026-Q1,Q1 2026,6,5,Thursday,0,0
2026-02-06,2026,2,February,1,2026-Q1,Q1 2026,6,6,Friday,0,0
2026-02-07,2026,2,February,1,2026-Q1,Q1 2026,6,7,Saturday,1,0
2026-02-08,2026,2,February,1,2026-Q1,Q1 2026,6,8,Sunday,1,0
2026-02-09,2026,2,February,1,2026-Q1,Q1 2026,7,9,Monday,0,0
2026-02-10,2026,2,February,1,2026-Q1,Q1 2026,7,10,Tuesday,0,0
2026-02-11,2026,2,February,1,2026-Q1,Q1 2026,7,11,Wednesday,0,0
2026-02-12,2026,2,February,1,2026-Q1,Q1 2026,7,12,Thursday,0,0
2026-02-13,2026,2,February,1,2026-Q1,Q1 2026,7,13,Friday,0,0
2026-02-14,2026,2,February,1,2026-Q1,Q1 2026,7,14,Saturday,1,0
2026-02-15,2026,2,February,1,2026-Q1,Q1 2026,7,15,Sunday,1,0
2026-02-16,2026,2,February,1,2026-Q1,Q1 2026,8,16,Monday,0,0
2026-02-17,2026,2,February,1,2026-Q1,Q1 2026,8,17,Tuesday,0,0
2026-02-18,2026,2,February,1,2026-Q1,Q1 2026,8,18,Wednesday,0,0
2026-02-19,2026,2,February,1,2026-Q1,Q1 2026,8,19,Thursday,0,0
2026-02-20,2026,2,February,1,2026-Q1,Q1 2026,8,20,Friday,0,0
2026-02-21,2026,2,February,1,2026-Q1,Q1 2026,8,21,Saturday,1,0
2026-02-22,2026,2,February,1,2026-Q1,Q1 2026,8,22,Sunday,1,0
2026-02-23,2026,2,February,1,2026-Q1,Q1 2026,9,23,Monday,0,0
2026-02-24,2026,2,February,1,2026-Q1,Q1 2026,9,24,Tuesday,0,0
2026-02-25,2026,2,February,1,2026-Q1,Q1 2026,9,25,Wednesday,0,0
2026-02-26,2026,2,February,1,2026-Q1,Q1 2026,9,26,Thursday,0,0
2026-02-27,2026,2,February,1,2026-Q1,Q1 2026,9,27,Friday,0,0
2026-02-28,2026,2,February,1,2026-Q1,Q1 2026,9,28,Saturday,1,0
2026-03-01,2026,3,March,1,2026-Q1,Q1 2026,9,1,Sunday,1,0
2026-03-02,2026,3,March,1,2026-Q1,Q1 2026,10,2,Monday,0,0
2026-03-03,2026,3,March,1,2026-Q1,Q1 2026,10,3,Tuesday,0,0
2026-03-04,2026,3,March,1,2026-Q1,Q1 2026,10,4,Wednesday,0,0
2026-03-05,2026,3,March,1,2026-Q1,Q1 2026,10,5,Thursday,0,0
2026-03-06,2026,3,March,1,2026-Q1,Q1 2026,10,6,Friday,0,0
2026-03-07,2026,3,March,1,2026-Q1,Q1 2026,10,7,Saturday,1,0
2026-03-08,2026,3,March,1,2026-Q1,Q1 2026,10,8,Sunday,1,0
2026-03-09,2026,3,March,1,2026-Q1,Q1 2026,11,9,Monday,0,0
2026-03-10,2026,3,March,1,2026-Q1,Q1 2026,11,10,Tuesday,0,0
2026-03-11,2026,3,March,1,2026-Q1,Q1 2026,11,11,Wednesday,0,0
2026-03-12,2026,3,March,1,2026-Q1,Q1 2026,11,12,Thursday,0,0
2026-03-13,2026,3,March,1,2026-Q1,Q1 2026,11,13,Friday,0,0
2026-03-14,2026,3,March,1,2026-Q1,Q1 2026,11,14,Saturday,1,0
2026-03-15,2026,3,March,1,2026-Q1,Q1 2026,11,15,Sunday,1,0
2026-03-16,2026,3,March,1,2026-Q1,Q1 2026,12,16,Monday,0,0
2026-03-17,2026,3,March,1,2026-Q1,Q1 2026,12,17,Tuesday,0,0
2026-03-18,2026,3,March,1,2026-Q1,Q1 2026,12,18,Wednesday,0,0
2026-03-19,2026,3,March,1,2026-Q1,Q1 2026,12,19,Thursday,0,0
2026-03-20,2026,3,March,1,2026-Q1,Q1 2026,12,20,Friday,0,0
2026-03-21,2026,3,March,1,2026-Q1,Q1 2026,12,21,Saturday,1,0
2026-03-22,2026,3,March,1,2026-Q1,Q1 2026,12,22,Sunday,1,0
2026-03-23,2026,3,March,1,2026-Q1,Q1 2026,13,23,Monday,0,0
2026-03-24,2026,3,March,1,2026-Q1,Q1 2026,13,24,Tuesday,0,0
2026-03-25,2026,3,March,1,2026-Q1,Q1 2026,13,25,Wednesday,0,0
2026-03-26,2026,3,March,1,2026-Q1,Q1 2026,13,26,Thursday,0,0
2026-03-27,2026,3,March,1,2026-Q1,Q1 2026,13,27,Friday,0,0
2026-03-28,2026,3,March,1,2026-Q1,Q1 2026,13,28,Saturday,1,0
2026-03-29,2026,3,March,1,2026-Q1,Q1 2026,13,29,Sunday,1,0
2026-03-30,2026,3,March,1,2026-Q1,Q1 2026,14,30,Monday,0,0
2026-03-31,2026,3,March,1,2026-Q1,Q1 2026,14,31,Tuesday,0,0
2026-04-01,2026,4,April,2,2026-Q2,Q2 2026,14,1,Wednesday,0,0
2026-04-02,2026,4,April,2,2026-Q2,Q2 2026,14,2,Thursday,0,0
2026-04-03,2026,4,April,2,2026-Q2,Q2 2026,14,3,Friday,0,0
2026-04-04,2026,4,April,2,2026-Q2,Q2 2026,14,4,Saturday,1,0
2026-04-05,2026,4,April,2,2026-Q2,Q2 2026,14,5,Sunday,1,0
2026-04-06,2026,4,April,2,2026-Q2,Q2 2026,15,6,Monday,0,0
2026-04-07,2026,4,April,2,2026-Q2,Q2 2026,15,7,Tuesday,0,0
2026-04-08,2026,4,April,2,2026-Q2,Q2 2026,15,8,Wednesday,0,0
2026-04-09,2026,4,April,2,2026-Q2,Q2 2026,15,9,Thursday,0,0
2026-04-10,2026,4,April,2,2026-Q2,Q2 2026,15,10,Friday,0,0
2026-04-11,2026,4,April,2,2026-Q2,Q2 2026,15,11,Saturday,1,0
2026-04-12,2026,4,April,2,2026-Q2,Q2 2026,15,12,Sunday,1,0
2026-04-13,2026,4,April,2,2026-Q2,Q2 2026,16,13,Monday,0,0
2026-04-14,2026,4,April,2,2026-Q2,Q2 2026,16,14,Tuesday,0,0
2026-04-15,2026,4,April,2,2026-Q2,Q2 2026,16,15,Wednesday,0,0
2026-04-16,2026,4,April,2,2026-Q2,Q2 2026,16,16,Thursday,0,0
2026-04-17,2026,4,April,2,2026-Q2,Q2 2026,16,17,Friday,0,0
2026-04-18,2026,4,April,2,2026-Q2,Q2 2026,16,18,Saturday,1,0
2026-04-19,2026,4,April,2,2026-Q2,Q2 2026,16,19,Sunday,1,0
2026-04-20,2026,4,April,2,2026-Q2,Q2 2026,17,20,Monday,0,0
2026-04-21,2026,4,April,2,2026-Q2,Q2 2026,17,21,Tuesday,0,0
2026-04-22,2026,4,April,2,2026-Q2,Q2 2026,17,22,Wednesday,0,0
2026-04-23,2026,4,April,2,2026-Q2,Q2 2026,17,23,Thursday,0,0
2026-04-24,2026,4,April,2,2026-Q2,Q2 2026,17,24,Friday,0,0
2026-04-25,2026,4,April,2,2026-Q2,Q2 2026,17,25,Saturday,1,0
2026-04-26,2026,4,April,2,2026-Q2,Q2 2026,17,26,Sunday,1,0
2026-04-27,2026,4,April,2,2026-Q2,Q2 2026,18,27,Monday,0,0
2026-04-28,2026,4,April,2,2026-Q2,Q2 2026,18,28,Tuesday,0,0
2026-04-29,2026,4,April,2,2026-Q2,Q2 2026,18,29,Wednesday,0,0
2026-04-30,2026,4,April,2,2026-Q2,Q2 2026,18,30,Thursday,0,0
2026-05-01,2026,5,May,2,2026-Q2,Q2 2026,18,1,Friday,0,0
2026-05-02,2026,5,May,2,2026-Q2,Q2 2026,18,2,Saturday,1,0
2026-05-03,2026,5,May,2,2026-Q2,Q2 2026,18,3,Sunday,1,0
2026-05-04,2026,5,May,2,2026-Q2,Q2 2026,19,4,Monday,0,0
2026-05-05,2026,5,May,2,2026-Q2,Q2 2026,19,5,Tuesday,0,0
2026-05-06,2026,5,May,2,2026-Q2,Q2 2026,19,6,Wednesday,0,0
2026-05-07,2026,5,May,2,2026-Q2,Q2 2026,19,7,Thursday,0,0
2026-05-08,2026,5,May,2,2026-Q2,Q2 2026,19,8,Friday,0,0
2026-05-09,2026,5,May,2,2026-Q2,Q2 2026,19,9,Saturday,1,0
2026-05-10,2026,5,May,2,2026-Q2,Q2 2026,19,10,Sunday,1,0
2026-05-11,2026,5,May,2,2026-Q2,Q2 2026,20,11,Monday,0,0
2026-05-12,2026,5,May,2,2026-Q2,Q2 2026,20,12,Tuesday,0,0
2026-05-13,2026,5,May,2,2026-Q2,Q2 2026,20,13,Wednesday,0,0
2026-05-14,2026,5,May,2,2026-Q2,Q2 2026,20,14,Thursday,0,0
2026-05-15,2026,5,May,2,2026-Q2,Q2 2026,20,15,Friday,0,0
2026-05-16,2026,5,May,2,2026-Q2,Q2 2026,20,16,Saturday,1,0
2026-05-17,2026,5,May,2,2026-Q2,Q2 2026,20,17,Sunday,1,0
2026-05-18,2026,5,May,2,2026-Q2,Q2 2026,21,18,Monday,0,0
2026-05-19,2026,5,May,2,2026-Q2,Q2 2026,21,19,Tuesday,0,0
2026-05-20,2026,5,May,2,2026-Q2,Q2 2026,21,20,Wednesday,0,0
2026-05-21,2026,5,May,2,2026-Q2,Q2 2026,21,21,Thursday,0,0
2026-05-22,2026,5,May,2,2026-Q2,Q2 2026,21,22,Friday,0,0
2026-05-23,2026,5,May,2,2026-Q2,Q2 2026,21,23,Saturday,1,0
2026-05-24,2026,5,May,2,2026-Q2,Q2 2026,21,24,Sunday,1,0
2026-05-25,2026,5,May,2,2026-Q2,Q2 2026,22,25,Monday,0,0
2026-05-26,2026,5,May,2,2026-Q2,Q2 2026,22,26,Tuesday,0,0
2026-05-27,2026,5,May,2,2026-Q2,Q2 2026,22,27,Wednesday,0,0
2026-05-28,2026,5,May,2,2026-Q2,Q2 2026,22,28,Thursday,0,0
2026-05-29,2026,5,May,2,2026-Q2,Q2 2026,22,29,Friday,0,0
2026-05-30,2026,5,May,2,2026-Q2,Q2 2026,22,30,Saturday,1,0
2026-05-31,2026,5,May,2,2026-Q2,Q2 2026,22,31,Sunday,1,0
2026-06-01,2026,6,June,2,2026-Q2,Q2 2026,23,1,Monday,0,0
2026-06-02,2026,6,June,2,2026-Q2,Q2 2026,23,2,Tuesday,0,0
2026-06-03,2026,6,June,2,2026-Q2,Q2 2026,23,3,Wednesday,0,0
2026-06-04,2026,6,June,2,2026-Q2,Q2 2026,23,4,Thursday,0,0
2026-06-05,2026,6,June,2,2026-Q2,Q2 2026,23,5,Friday,0,0
2026-06-06,2026,6,June,2,2026-Q2,Q2 2026,23,6,Saturday,1,0
2026-06-07,2026,6,June,2,2026-Q2,Q2 2026,23,7,Sunday,1,0
2026-06-08,2026,6,June,2,2026-Q2,Q2 2026,24,8,Monday,0,0
2026-06-09,2026,6,June,2,2026-Q2,Q2 2026,24,9,Tuesday,0,0
2026-06-10,2026,6,June,2,2026-Q2,Q2 2026,24,10,Wednesday,0,0
2026-06-11,2026,6,June,2,2026-Q2,Q2 2026,24,11,Thursday,0,0
2026-06-12,2026,6,June,2,2026-Q2,Q2 2026,24,12,Friday,0,0
2026-06-13,2026,6,June,2,2026-Q2,Q2 2026,24,13,Saturday,1,0
2026-06-14,2026,6,June,2,2026-Q2,Q2 2026,24,14,Sunday,1,0
2026-06-15,2026,6,June,2,2026-Q2,Q2 2026,25,15,Monday,0,0
2026-06-16,2026,6,June,2,2026-Q2,Q2 2026,25,16,Tuesday,0,0
2026-06-17,2026,6,June,2,2026-Q2,Q2 2026,25,17,Wednesday,0,0
2026-06-18,2026,6,June,2,2026-Q2,Q2 2026,25,18,Thursday,0,0
2026-06-19,2026,6,June,2,2026-Q2,Q2 2026,25,19,Friday,0,0
2026-06-20,2026,6,June,2,2026-Q2,Q2 2026,25,20,Saturday,1,0
2026-06-21,2026,6,June,2,2026-Q2,Q2 2026,25,21,Sunday,1,0
2026-06-22,2026,6,June,2,2026-Q2,Q2 2026,26,22,Monday,0,0
2026-06-23,2026,6,June,2,2026-Q2,Q2 2026,26,23,Tuesday,0,0
2026-06-24,2026,6,June,2,2026-Q2,Q2 2026,26,24,Wednesday,0,0
2026-06-25,2026,6,June,2,2026-Q2,Q2 2026,26,25,Thursday,0,0
2026-06-26,2026,6,June,2,2026-Q2,Q2 2026,26,26,Friday,0,0
2026-06-27,2026,6,June,2,2026-Q2,Q2 2026,26,27,Saturday,1,0
2026-06-28,2026,6,June,2,2026-Q2,Q2 2026,26,28,Sunday,1,0
2026-06-29,2026,6,June,2,2026-Q2,Q2 2026,27,29,Monday,0,0
2026-06-30,2026,6,June,2,2026-Q2,Q2 2026,27,30,Tuesday,0,0
2026-07-01,2026,7,July,3,2026-Q3,Q3 2026,27,1,Wednesday,0,0
2026-07-02,2026,7,July,3,2026-Q3,Q3 2026,27,2,Thursday,0,0
2026-07-03,2026,7,July,3,2026-Q3,Q3 2026,27,3,Friday,0,0
2026-07-04,2026,7,July,3,2026-Q3,Q3 2026,27,4,Saturday,1,0
2026-07-05,2026,7,July,3,2026-Q3,Q3 2026,27,5,Sunday,1,0
2026-07-06,2026,7,July,3,2026-Q3,Q3 2026,28,6,Monday,0,0
2026-07-07,2026,7,July,3,2026-Q3,Q3 2026,28,7,Tuesday,0,0
2026-07-08,2026,7,July,3,2026-Q3,Q3 2026,28,8,Wednesday,0,0
2026-07-09,2026,7,July,3,2026-Q3,Q3 2026,28,9,Thursday,0,0
2026-07-10,2026,7,July,3,2026-Q3,Q3 2026,28,10,Friday,0,0
2026-07-11,2026,7,July,3,2026-Q3,Q3 2026,28,11,Saturday,1,0
2026-07-12,2026,7,July,3,2026-Q3,Q3 2026,28,12,Sunday,1,0
2026-07-13,2026,7,July,3,2026-Q3,Q3 2026,29,13,Monday,0,0
2026-07-14,2026,7,July,3,2026-Q3,Q3 2026,29,14,Tuesday,0,0
2026-07-15,2026,7,July,3,2026-Q3,Q3 2026,29,15,Wednesday,0,0
2026-07-16,2026,7,July,3,2026-Q3,Q3 2026,29,16,Thursday,0,0
2026-07-17,2026,7,July,3,2026-Q3,Q3 2026,29,17,Friday,0,0
2026-07-18,2026,7,July,3,2026-Q3,Q3 2026,29,18,Saturday,1,0
2026-07-19,2026,7,July,3,2026-Q3,Q3 2026,29,19,Sunday,1,0
2026-07-20,2026,7,July,3,2026-Q3,Q3 2026,30,20,Monday,0,0
2026-07-21,2026,7,July,3,2026-Q3,Q3 2026,30,21,Tuesday,0,0
2026-07-22,2026,7,July,3,2026-Q3,Q3 2026,30,22,Wednesday,0,0
2026-07-23,2026,7,July,3,2026-Q3,Q3 2026,30,23,Thursday,0,0
2026-07-24,2026,7,July,3,2026-Q3,Q3 2026,30,24,Friday,0,0
2026-07-25,2026,7,July,3,2026-Q3,Q3 2026,30,25,Saturday,1,0
2026-07-26,2026,7,July,3,2026-Q3,Q3 2026,30,26,Sunday,1,0
2026-07-27,2026,7,July,3,2026-Q3,Q3 2026,31,27,Monday,0,0
2026-07-28,2026,7,July,3,2026-Q3,Q3 2026,31,28,Tuesday,0,0
2026-07-29,2026,7,July,3,2026-Q3,Q3 2026,31,29,Wednesday,0,0
2026-07-30,2026,7,July,3,2026-Q3,Q3 2026,31,30,Thursday,0,0
2026-07-31,2026,7,July,3,2026-Q3,Q3 2026,31,31,Friday,0,0
2026-08-01,2026,8,August,3,2026-Q3,Q3 2026,31,1,Saturday,1,0
2026-08-02,2026,8,August,3,2026-Q3,Q3 2026,31,2,Sunday,1,0
2026-08-03,2026,8,August,3,2026-Q3,Q3 2026,32,3,Monday,0,0
2026-08-04,2026,8,August,3,2026-Q3,Q3 2026,32,4,Tuesday,0,0
2026-08-05,2026,8,August,3,2026-Q3,Q3 2026,32,5,Wednesday,0,0
2026-08-06,2026,8,August,3,2026-Q3,Q3 2026,32,6,Thursday,0,0
2026-08-07,2026,8,August,3,2026-Q3,Q3 2026,32,7,Friday,0,0
2026-08-08,2026,8,August,3,2026-Q3,Q3 2026,32,8,Saturday,1,0
2026-08-09,2026,8,August,3,2026-Q3,Q3 2026,32,9,Sunday,1,0
2026-08-10,2026,8,August,3,2026-Q3,Q3 2026,33,10,Monday,0,0
2026-08-11,2026,8,August,3,2026-Q3,Q3 2026,33,11,Tuesday,0,0
2026-08-12,2026,8,August,3,2026-Q3,Q3 2026,33,12,Wednesday,0,0
2026-08-13,2026,8,August,3,2026-Q3,Q3 2026,33,13,Thursday,0,0
2026-08-14,2026,8,August,3,2026-Q3,Q3 2026,33,14,Friday,0,0
2026-08-15,2026,8,August,3,2026-Q3,Q3 2026,33,15,Saturday,1,0
2026-08-16,2026,8,August,3,2026-Q3,Q3 2026,33,16,Sunday,1,0
2026-08-17,2026,8,August,3,2026-Q3,Q3 2026,34,17,Monday,0,0
2026-08-18,2026,8,August,3,2026-Q3,Q3 2026,34,18,Tuesday,0,0
2026-08-19,2026,8,August,3,2026-Q3,Q3 2026,34,19,Wednesday,0,0
2026-08-20,2026,8,August,3,2026-Q3,Q3 2026,34,20,Thursday,0,0
2026-08-21,2026,8,August,3,2026-Q3,Q3 2026,34,21,Friday,0,0
2026-08-22,2026,8,August,3,2026-Q3,Q3 2026,34,22,Saturday,1,0
2026-08-23,2026,8,August,3,2026-Q3,Q3 2026,34,23,Sunday,1,0
2026-08-24,2026,8,August,3,2026-Q3,Q3 2026,35,24,Monday,0,0
2026-08-25,2026,8,August,3,2026-Q3,Q3 2026,35,25,Tuesday,0,0
2026-08-26,2026,8,August,3,2026-Q3,Q3 2026,35,26,Wednesday,0,0
2026-08-27,2026,8,August,3,2026-Q3,Q3 2026,35,27,Thursday,0,0
2026-08-28,2026,8,August,3,2026-Q3,Q3 2026,35,28,Friday,0,0
2026-08-29,2026,8,August,3,2026-Q3,Q3 2026,35,29,Saturday,1,0
2026-08-30,2026,8,August,3,2026-Q3,Q3 2026,35,30,Sunday,1,0
2026-08-31,2026,8,August,3,2026-Q3,Q3 2026,36,31,Monday,0,0
2026-09-01,2026,9,September,3,2026-Q3,Q3 2026,36,1,Tuesday,0,0
2026-09-02,2026,9,September,3,2026-Q3,Q3 2026,36,2,Wednesday,0,0
2026-09-03,2026,9,September,3,2026-Q3,Q3 2026,36,3,Thursday,0,0
2026-09-04,2026,9,September,3,2026-Q3,Q3 2026,36,4,Friday,0,0
2026-09-05,2026,9,September,3,2026-Q3,Q3 2026,36,5,Saturday,1,0
2026-09-06,2026,9,September,3,2026-Q3,Q3 2026,36,6,Sunday,1,0
2026-09-07,2026,9,September,3,2026-Q3,Q3 2026,37,7,Monday,0,0
2026-09-08,2026,9,September,3,2026-Q3,Q3 2026,37,8,Tuesday,0,0
2026-09-09,2026,9,September,3,2026-Q3,Q3 2026,37,9,Wednesday,0,0
2026-09-10,2026,9,September,3,2026-Q3,Q3 2026,37,10,Thursday,0,0
2026-09-11,2026,9,September,3,2026-Q3,Q3 2026,37,11,Friday,0,0
2026-09-12,2026,9,September,3,2026-Q3,Q3 2026,37,12,Saturday,1,0
2026-09-13,2026,9,September,3,2026-Q3,Q3 2026,37,13,Sunday,1,0
2026-09-14,2026,9,September,3,2026-Q3,Q3 2026,38,14,Monday,0,0
2026-09-15,2026,9,September,3,2026-Q3,Q3 2026,38,15,Tuesday,0,0
2026-09-16,2026,9,September,3,2026-Q3,Q3 2026,38,16,Wednesday,0,0
2026-09-17,2026,9,September,3,2026-Q3,Q3 2026,38,17,Thursday,0,0
2026-09-18,2026,9,September,3,2026-Q3,Q3 2026,38,18,Friday,0,0
2026-09-19,2026,9,September,3,2026-Q3,Q3 2026,38,19,Saturday,1,0
2026-09-20,2026,9,September,3,2026-Q3,Q3 2026,38,20,Sunday,1,0
2026-09-21,2026,9,September,3,2026-Q3,Q3 2026,39,21,Monday,0,0
2026-09-22,2026,9,September,3,2026-Q3,Q3 2026,39,22,Tuesday,0,0
2026-09-23,2026,9,September,3,2026-Q3,Q3 2026,39,23,Wednesday,0,0
2026-09-24,2026,9,September,3,2026-Q3,Q3 2026,39,24,Thursday,0,0
2026-09-25,2026,9,September,3,2026-Q3,Q3 2026,39,25,Friday,0,0
2026-09-26,2026,9,September,3,2026-Q3,Q3 2026,39,26,Saturday,1,0
2026-09-27,2026,9,September,3,2026-Q3,Q3 2026,39,27,Sunday,1,0
2026-09-28,2026,9,September,3,2026-Q3,Q3 2026,40,28,Monday,0,0
2026-09-29,2026,9,September,3,2026-Q3,Q3 2026,40,29,Tuesday,0,0
2026-09-30,2026,9,September,3,2026-Q3,Q3 2026,40,30,Wednesday,0,0
2026-10-01,2026,10,October,4,2026-Q4,Q4 2026,40,1,Thursday,0,0
2026-10-02,2026,10,October,4,2026-Q4,Q4 2026,40,2,Friday,0,0
2026-10-03,2026,10,October,4,2026-Q4,Q4 2026,40,3,Saturday,1,0
2026-10-04,2026,10,October,4,2026-Q4,Q4 2026,40,4,Sunday,1,0
2026-10-05,2026,10,October,4,2026-Q4,Q4 2026,41,5,Monday,0,0
2026-10-06,2026,10,October,4,2026-Q4,Q4 2026,41,6,Tuesday,0,0
2026-10-07,2026,10,October,4,2026-Q4,Q4 2026,41,7,Wednesday,0,0
2026-10-08,2026,10,October,4,2026-Q4,Q4 2026,41,8,Thursday,0,0
2026-10-09,2026,10,October,4,2026-Q4,Q4 2026,41,9,Friday,0,0
2026-10-10,2026,10,October,4,2026-Q4,Q4 2026,41,10,Saturday,1,0
2026-10-11,2026,10,October,4,2026-Q4,Q4 2026,41,11,Sunday,1,0
2026-10-12,2026,10,October,4,2026-Q4,Q4 2026,42,12,Monday,0,0
2026-10-13,2026,10,October,4,2026-Q4,Q4 2026,42,13,Tuesday,0,0
2026-10-14,2026,10,October,4,2026-Q4,Q4 2026,42,14,Wednesday,0,0
2026-10-15,2026,10,October,4,2026-Q4,Q4 2026,42,15,Thursday,0,0
2026-10-16,2026,10,October,4,2026-Q4,Q4 2026,42,16,Friday,0,0
2026-10-17,2026,10,October,4,2026-Q4,Q4 2026,42,17,Saturday,1,0
2026-10-18,2026,10,October,4,2026-Q4,Q4 2026,42,18,Sunday,1,0
2026-10-19,2026,10,October,4,2026-Q4,Q4 2026,43,19,Monday,0,0
2026-10-20,2026,10,October,4,2026-Q4,Q4 2026,43,20,Tuesday,0,0
2026-10-21,2026,10,October,4,2026-Q4,Q4 2026,43,21,Wednesday,0,0
2026-10-22,2026,10,October,4,2026-Q4,Q4 2026,43,22,Thursday,0,0
2026-10-23,2026,10,October,4,2026-Q4,Q4 2026,43,23,Friday,0,0
2026-10-24,2026,10,October,4,2026-Q4,Q4 2026,43,24,Saturday,1,0
2026-10-25,2026,10,October,4,2026-Q4,Q4 2026,43,25,Sunday,1,0
2026-10-26,2026,10,October,4,2026-Q4,Q4 2026,44,26,Monday,0,0
2026-10-27,2026,10,October,4,2026-Q4,Q4 2026,44,27,Tuesday,0,0
2026-10-28,2026,10,October,4,2026-Q4,Q4 2026,44,28,Wednesday,0,0
2026-10-29,2026,10,October,4,2026-Q4,Q4 2026,44,29,Thursday,0,0
2026-10-30,2026,10,October,4,2026-Q4,Q4 2026,44,30,Friday,0,0
2026-10-31,2026,10,October,4,2026-Q4,Q4 2026,44,31,Saturday,1,0
2026-11-01,2026,11,November,4,2026-Q4,Q4 2026,44,1,Sunday,1,0
2026-11-02,2026,11,November,4,2026-Q4,Q4 2026,45,2,Monday,0,0
2026-11-03,2026,11,November,4,2026-Q4,Q4 2026,45,3,Tuesday,0,0
2026-11-04,2026,11,November,4,2026-Q4,Q4 2026,45,4,Wednesday,0,0
2026-11-05,2026,11,November,4,2026-Q4,Q4 2026,45,5,Thursday,0,0
2026-11-06,2026,11,November,4,2026-Q4,Q4 2026,45,6,Friday,0,0
2026-11-07,2026,11,November,4,2026-Q4,Q4 2026,45,7,Saturday,1,0
2026-11-08,2026,11,November,4,2026-Q4,Q4 2026,45,8,Sunday,1,0
2026-11-09,2026,11,November,4,2026-Q4,Q4 2026,46,9,Monday,0,0
2026-11-10,2026,11,November,4,2026-Q4,Q4 2026,46,10,Tuesday,0,0
2026-11-11,2026,11,November,4,2026-Q4,Q4 2026,46,11,Wednesday,0,0
2026-11-12,2026,11,November,4,2026-Q4,Q4 2026,46,12,Thursday,0,0
2026-11-13,2026,11,November,4,2026-Q4,Q4 2026,46,13,Friday,0,0
2026-11-14,2026,11,November,4,2026-Q4,Q4 2026,46,14,Saturday,1,0
2026-11-15,2026,11,November,4,2026-Q4,Q4 2026,46,15,Sunday,1,0
2026-11-16,2026,11,November,4,2026-Q4,Q4 2026,47,16,Monday,0,0
2026-11-17,2026,11,November,4,2026-Q4,Q4 2026,47,17,Tuesday,0,0
2026-11-18,2026,11,November,4,2026-Q4,Q4 2026,47,18,Wednesday,0,0
2026-11-19,2026,11,November,4,2026-Q4,Q4 2026,47,19,Thursday,0,0
2026-11-20,2026,11,November,4,2026-Q4,Q4 2026,47,20,Friday,0,0
2026-11-21,2026,11,November,4,2026-Q4,Q4 2026,47,21,Saturday,1,0
2026-11-22,2026,11,November,4,2026-Q4,Q4 2026,47,22,Sunday,1,0
2026-11-23,2026,11,November,4,2026-Q4,Q4 2026,48,23,Monday,0,0
2026-11-24,2026,11,November,4,2026-Q4,Q4 2026,48,24,Tuesday,0,0
2026-11-25,2026,11,November,4,2026-Q4,Q4 2026,48,25,Wednesday,0,0
2026-11-26,2026,11,November,4,2026-Q4,Q4 2026,48,26,Thursday,0,0
2026-11-27,2026,11,November,4,2026-Q4,Q4 2026,48,27,Friday,0,0
2026-11-28,2026,11,November,4,2026-Q4,Q4 2026,48,28,Saturday,1,0
2026-11-29,2026,11,November,4,2026-Q4,Q4 2026,48,29,Sunday,1,0
2026-11-30,2026,11,November,4,2026-Q4,Q4 2026,49,30,Monday,0,0
2026-12-01,2026,12,December,4,2026-Q4,Q4 2026,49,1,Tuesday,0,0
2026-12-02,2026,12,December,4,2026-Q4,Q4 2026,49,2,Wednesday,0,0
2026-12-03,2026,12,December,4,2026-Q4,Q4 2026,49,3,Thursday,0,0
2026-12-04,2026,12,December,4,2026-Q4,Q4 2026,49,4,Friday,0,0
2026-12-05,2026,12,December,4,2026-Q4,Q4 2026,49,5,Saturday,1,0
2026-12-06,2026,12,December,4,2026-Q4,Q4 2026,49,6,Sunday,1,0
2026-12-07,2026,12,December,4,2026-Q4,Q4 2026,50,7,Monday,0,0
2026-12-08,2026,12,December,4,2026-Q4,Q4 2026,50,8,Tuesday,0,0
2026-12-09,2026,12,December,4,2026-Q4,Q4 2026,50,9,Wednesday,0,0
2026-12-10,2026,12,December,4,2026-Q4,Q4 2026,50,10,Thursday,0,0
2026-12-11,2026,12,December,4,2026-Q4,Q4 2026,50,11,Friday,0,0
2026-12-12,2026,12,December,4,2026-Q4,Q4 2026,50,12,Saturday,1,0
2026-12-13,2026,12,December,4,2026-Q4,Q4 2026,50,13,Sunday,1,0
2026-12-14,2026,12,December,4,2026-Q4,Q4 2026,51,14,Monday,0,0
2026-12-15,2026,12,December,4,2026-Q4,Q4 2026,51,15,Tuesday,0,1
2026-12-16,2026,12,December,4,2026-Q4,Q4 2026,51,16,Wednesday,0,1
2026-12-17,2026,12,December,4,2026-Q4,Q4 2026,51,17,Thursday,0,1
2026-12-18,2026,12,December,4,2026-Q4,Q4 2026,51,18,Friday,0,1
2026-12-19,2026,12,December,4,2026-Q4,Q4 2026,51,19,Saturday,1,1
2026-12-20,2026,12,December,4,2026-Q4,Q4 2026,51,20,Sunday,1,1
2026-12-21,2026,12,December,4,2026-Q4,Q4 2026,52,21,Monday,0,1
2026-12-22,2026,12,December,4,2026-Q4,Q4 2026,52,22,Tuesday,0,1
2026-12-23,2026,12,December,4,2026-Q4,Q4 2026,52,23,Wednesday,0,1
2026-12-24,2026,12,December,4,2026-Q4,Q4 2026,52,24,Thursday,0,1
2026-12-25,2026,12,December,4,2026-Q4,Q4 2026,52,25,Friday,0,1
2026-12-26,2026,12,December,4,2026-Q4,Q4 2026,52,26,Saturday,1,1
2026-12-27,2026,12,December,4,2026-Q4,Q4 2026,52,27,Sunday,1,1
2026-12-28,2026,12,December,4,2026-Q4,Q4 2026,53,28,Monday,0,1
2026-12-29,2026,12,December,4,2026-Q4,Q4 2026,53,29,Tuesday,0,1
2026-12-30,2026,12,December,4,2026-Q4,Q4 2026,53,30,Wednesday,0,1
2026-12-31,2026,12,December,4,2026-Q4,Q4 2026,53,31,Thursday,0,1
